中半山,慧豪w,7/P8,1.330,2018-03-01,"
"
沙田,B花@,R/276,1.200,2018-03-01,"
"
沙田,B花@,R/289,1.200,2018-03-01,"
"
沙田,帝堡城,L2/P268,1.020,2018-03-01,"
"
青衣,青衣工I中心 第02期,1/159,1.500,2018-03-01,"
"
青衣,海欣花@,G/C22,1.780,2018-03-01,"
"
荃,海I花@ 平台 B,G/52,1.530,2018-03-01,"
"
荃,豪景花@ 第02期 停,1/51,0.650,2018-03-01,"
"
荃,豪景花@ 第02期 停,1/3,0.610,2018-03-01,"
"
荃,豪景花@ 第01期 停,G/130,0.720,2018-03-01,"
"
荃,R,L3/P67,0.588,2018-03-01,"
"
荃,R,L2/P6,0.664,2018-03-01,"
"
屯T,兆麟苑 第01期,3/207,0.785,2018-03-01,"
"
屯T,\花@,LG/45,0.760,2018-03-01,"
"
④澳,新都城 第02期,B2/RC219,1.690,2018-03-01,"
"
|涌,海堤撑,B/D220,1.700,2018-03-01,"
"
|涌,海堤撑,B/D27,1.630,2018-03-01,"
"
沙田,沙田中心,L1/122,1.050,2018-03-01,"
"
沙田,碧花@ 第02期,LG/271,0.780,2018-03-01,"
"
香港仔,海怡半u 第03期,P1/143,1.800,2018-03-01,"
"
元朗,新r代V,LG/32,2.200,2018-03-01,"
"
西,傲{,-/3504C,2.200,2018-03-01,"
"
西,傲{,-/3901D,2.000,2018-03-01,"
"
R鞍山,雅苑,B2/505,1.180,2018-03-01,"
"
油塘,城工I大B,G/29,4.080,2018-03-01,"
-"
油塘,城工I大B,"G/33,34",1.920,2018-03-01,"
-"
尖沙咀,漾日居,B3/70,1.800,2018-03-01,"
"
牛池,峻弦,B3/26,2.500,2018-03-01,"
"
九塘,嘉林道11,B/P14,3.300,2018-03-01,"
"
九塘,架山一,A/93,2.500,2018-03-01,"
"
何文田,皓畋,LG/LG116,3.500,2018-03-01,"
"
t|,海逸豪@ 海逸,B1/37,1.670,2018-03-01,"
"
小西,富欣花@,4/20,0.880,2018-03-01,"
"
北角,月明,M/11,1.980,2018-03-01,"
"
北角半山,富豪w,G/85,0.660,2018-03-01,"
"
上水,奕翠@,P/312,0.450,2018-02-27,"
"
上水,奕翠@,P/309,0.470,2018-02-27,"
"
上水,奕翠@,L2/722,0.470,2018-02-27,"
"
上水,奕翠@,L2/719,0.450,2018-02-27,"
"
上水,奕翠@,L2/717,0.470,2018-02-27,"
"
R鞍山,迎海 第01期,B/R144,2.133,2018-02-27,"
"
R鞍山,迎海 第01期,B/R143,2.205,2018-02-27,"
"
葵涌,A基工I大B,UG/UP32,1.250,2018-02-27,"
"
大角咀,柏景 帝柏海,B/417,2.700,2018-02-27,"
"
大角咀,S港,M/M68,2.200,2018-02-27,"
"
石尾,又一居 停 B^,L2/128,1.280,2018-02-27,"
"
石尾,又一居 停 B^,L1/224,1.300,2018-02-27,"
"
荔枝角,美孚新村 8期,3/856,1.260,2018-02-27,"
"
九塘,架山一,A/61,2.000,2018-02-27,"
"
九塘,架山峰,G/70,3.500,2018-02-27,"
"
L沙,|京V,1/P5,20.800,2018-02-27,"
"
小西,富欣花@,3/65,0.928,2018-02-27,"
"
f~涌,惠安苑,G/60,1.430,2018-02-27,"
"
柴,奋台,G/70,1.150,2018-02-27,"
"
柴,康翠台,L2/193,1.350,2018-02-27,"
"
元朗,朗怡居,G/12,0.750,2018-02-27,"
"
元朗,菁雅居,-/32,0.490,2018-02-27,"
"
荃,宏工I大B,1/P2,2.480,2018-02-27,"
"
荃,豪景花@ 第03期 停,2/13,0.650,2018-02-27,"
"
荃,h宇海,L3/R36,1.420,2018-02-27,"
"
天水,嘉湖山f 第01期 泛居,B1/74,1.260,2018-02-27,"
"
屯T,屯T柏V,9/C52,0.770,2018-02-27,"
"
屯T,翠景花@,-/11,0.140,2018-02-27,"
"
屯T,盈S@,B/C33,1.430,2018-02-27,"
"
|涌,NC,B/A421,0.800,2018-02-27,"
"
|涌,NC,B/A470,0.850,2018-02-27,"
"
沙田,沙田中心,L1/307,0.970,2018-02-27,"
"
沙田,沙田第一城y城商,2/149,1.280,2018-02-27,"
"
R鞍山,迎海 第05期 御峰,B/R649,2.183,2018-02-26,"
"
葵涌,金德工I大B 第01座,1/36,1.110,2018-02-26,"
"
粉X,蔚翠花@,G/154,0.788,2018-02-26,"
"
土瓜,帝庭豪@,G/53,0.760,2018-02-26,"
"
尖沙咀,九中心大B,B/21,3.000,2018-02-26,"
"
大角咀,港澈劳,L2/R321,1.910,2018-02-26,"
"
大角咀,S港,B/B185,2.180,2018-02-26,"
"
大角咀,富s花@ 第02期 停,3/345,1.750,2018-02-26,"
"
{田,R景花@,L4/198,2.248,2018-02-26,"
"
荔枝角,美孚新村 3期,UL/409,1.700,2018-02-26,"
"
^塘,fl工商大B,G/5,1.800,2018-02-26,"
"
何文田,皓畋,LG/183,3.500,2018-02-26,"
"
何文田,御居,2/10,1.750,2018-02-26,"
"
何文田,半山壹,5/P272,2.550,2018-02-26,"
"
L沙,翔工I大B,G/P15,1.500,2018-02-26,"
"
北角,ノ拇B,G/17,1.680,2018-02-26,"
"
北角半山,威景台,6/611,1.300,2018-02-26,"
"
~,wA,1/C1,2.300,2018-02-26,"
"
香港仔,海怡半u 第03期,P1/140,1.750,2018-02-26,"
"
荃,N皇居,G/87,0.870,2018-02-26,"
"
荃,豪景花@ 第02期 停,G/158,0.660,2018-02-26,"
"
荃,豪景花@ 第02期 停,"G/43,44",1.350,2018-02-26,"
"
荃,金熊工I中心,1/6,1.380,2018-02-26,"
"
荃,h宇海,L3/R35,1.420,2018-02-26,"
"
荃,城花@ 第03期,B2/204,1.393,2018-02-26,"
"
荃,碧堤半u,L6/R6344,1.150,2018-02-26,"
"
荃,碧堤半u,L3/R3371,0.840,2018-02-26,"
"
大埔,大埔V,B/291,1.330,2018-02-26,"
"
大埔,大埔V,B/292,1.280,2018-02-26,"
"
大埔,新d花@,-/P203,0.990,2018-02-26,"
"
屯T,怡峰@,C3/C116,0.700,2018-02-26,"
"
屯T,G怡居,B/236,0.870,2018-02-26,"
"
屯T,矍,"-/98,99",1.150,2018-02-26,"
"
屯T,矍,"-/116,126",1.150,2018-02-26,"
"
|涌,|h 第02期,B/1032,1.320,2018-02-26,"
"
|涌,映@ 第06期,B1/C345,1.580,2018-02-26,"
"
沙田,I景花@,1/141,0.810,2018-02-26,"
"
沙田,金{花@ 第02期,L3/96,1.168,2018-02-26,"
"
沙田,富豪花@,B2/1132,0.725,2018-02-26,"
"
元朗,新r代V,LG/149,2.000,2018-02-26,"
"
元朗,溱柏,-/217,1.000,2018-02-26,"
"
元朗,采~庭,B/E24,1.200,2018-02-26,"
"
元朗,采~庭,B/E26,1.200,2018-02-26,"
"
元朗,朗晴居,B/237,0.700,2018-02-26,"
"
元朗,翠B,"B/29,45,53",1.064,2018-02-26,"
"
元朗,A翠豪@,B1/11,0.650,2018-02-26,"
"
青衣,盈翠半u,5/5R128,2.600,2018-02-26,"
"
青衣,海欣花@,G/C21,1.700,2018-02-26,"
"
青衣,海欣花@,G/C67,1.700,2018-02-26,"
"
西,傲{,-/3474C,2.200,2018-02-23,"
"
f~涌,峰@,G/14,1.600,2018-02-23,"
"
西,傲{,-/3332C,2.200,2018-02-23,"
"
西,傲{,-/3435C,2.200,2018-02-23,"
"
西,傲{,-/8805A,2.000,2018-02-23,"
"
西,傲{,-/8806A,2.000,2018-02-23,"
"
石尾,又一居 停 第26-33座,CP1/22,1.400,2018-02-23,"
"
青衣,青怡花@,B/297,1.388,2018-02-23,"
"
f~涌,南S新村,LG2/12,1.220,2018-02-23,"
"
西,傲{,-/3430C,2.000,2018-02-23,"
"
大角咀,港澈劳,L3/R120,1.960,2018-02-23,"
"
屯T,彩花@,B/78,1.060,2018-02-23,"
"
九,⒌1 第02期 停,B/32,3.030,2018-02-23,"
"
大角咀,S港,M/M231,2.160,2018-02-23,"
"
大角咀,P帆,2/34,1.980,2018-02-23,"
"
大角咀,P帆,1/26,1.990,2018-02-23,"
"
大角咀,富s花@ 第02期 停,3/307,1.685,2018-02-23,"
"
西,傲{,-/3984D,1.900,2018-02-23,"
"
屯T,慧S@,G/A389,0.750,2018-02-23,"
"
西,傲{,-/3433C,2.200,2018-02-23,"
"
L沙,永康街63,2/P30,2.400,2018-02-23,"
"
L沙,泓景台,2/293,1.880,2018-02-23,"
"
荃,金熊工I中心,1/10,1.250,2018-02-23,"
"
t|,海逸豪@ 玉庭,B2/157,2.000,2018-02-23,"
"
S大仙,F崇山,3/P26,1.800,2018-02-23,"
"
屯T,置坊@,1/209,0.700,2018-02-23,"
"
屯T,矍俸０,B1/115,1.200,2018-02-23,"
"
葵涌,N庭山,1/25,2.200,2018-02-23,"
"
④澳,峻],G/225,1.550,2018-02-23,"
"
荃,豪景花@ 第03期 停,1/87,0.668,2018-02-23,"
"
④澳,南SV,P2/C198,1.700,2018-02-23,"
"
R鞍山,翠砣A庭,B2/239,1.700,2018-02-23,"
"
屯T,聚康山f,UG/C11,1.208,2018-02-23,"
"
油塘,港城 第04期,B/469,2.050,2018-02-23,"
"
④澳,日出康城 第01期 首都,L1/1-8,2.140,2018-02-23,"
"
荃,R,L3/P11,0.610,2018-02-23,"
"
荃,海I花@ 平台 C,L1/6,1.280,2018-02-23,"
"
荃,通工I大B,G/22,1.450,2018-02-23,"
"
青衣,青怡花@,B/158,1.290,2018-02-23,"
"
屯T,翠居,CP1/138,0.800,2018-02-23,"
"
荔枝角,美孚新村 4期,2/409,1.550,2018-02-23,"
"
沙田,碧霞花@,B/91,0.420,2018-02-23,"
"
沙田,金{花@ 第01期,L4/59,1.050,2018-02-23,"
"
^塘,一代V,6/P9,2.000,2018-02-23,"
"
屯T,海景花@,LG1/143,0.760,2018-02-23,"
"
沙田,玖山,LG/LG203,1.900,2018-02-23,"
"
香港仔,海怡半u 第03期,P1/98,1.850,2018-02-23,"
"
阅岬爻,西w,L3/41,1.480,2018-02-23,"
"
沙田,玖山,B/B010,4.000,2018-02-23,"
"
元朗,溱柏,-/207,1.280,2018-02-23,"
"
屯T,怡峰@,C2/C95,0.710,2018-02-23,"
"
尖沙咀,擎天半u,G/113,2.480,2018-02-23,"
"
西,傲{,-/8906D,2.000,2018-02-23,"
"
屯T,星堤,LG/P345,1.500,2018-02-23,"
"
④澳,盈花@,2/4,1.280,2018-02-23,"
"
|涌,{天海岸 第01期,B/324,1.900,2018-02-23,"
"
t|,t|持行,B/84,1.730,2018-02-23,"
"
尖沙咀,擎天半u,G/46,2.400,2018-02-23,"
"
尖沙咀,擎天半u,5/91,2.438,2018-02-23,"
"
荃,金熊工I中心,1/11,1.250,2018-02-23,"
"
{田,d田村,A/A32,0.980,2018-02-23,"
"
{田,d田村,D/D35,0.928,2018-02-23,"
"
|涌,海堤撑,B/D288,1.600,2018-02-23,"
"
西,傲{,-/3413C,2.200,2018-02-23,"
"
大埔,新峰花@ 第02期,B1/91,0.670,2018-02-23,"
"
西半山,富景花@,2/11,1.500,2018-02-23,"
"
元朗,N翠峰,B/P117,1.350,2018-02-23,"
"
西,傲{,-/3438C,2.000,2018-02-23,"
"
西,傲{,-/3416C,2.200,2018-02-23,"
"
元朗,朗怡居,G/55,0.800,2018-02-23,"
"
元朗,朗怡居,B/48,0.800,2018-02-23,"
"
西,傲{,-/3603C,2.000,2018-02-23,"
"
{田,d田村,D/D18,0.910,2018-02-23,"
"
屯T,怡峰@,C2/C1,0.700,2018-02-23,"
"
{田,d田村,A/A36,0.980,2018-02-23,"
"
元朗,朗怡居,G/61,0.800,2018-02-23,"
"
屯T,屯T中央V,10/T150,0.980,2018-02-23,"
"
沙田,恒峰花@,L4/10,1.000,2018-02-23,"
"
大埔,大埔R山,C2/43,0.560,2018-02-23,"
"
西,傲{,-/3955D,2.000,2018-02-23,"
"
西,傲{,-/3905D,2.000,2018-02-23,"
"
西,傲{,-/3526C,2.000,2018-02-23,"
"
西,傲{,-/3973D,2.000,2018-02-22,"
"
f~涌,康怡花@ 停 B^,P3/65,1.608,2018-02-22,"
"
西,傲{,-/3419C,2.000,2018-02-22,"
"
沙田,金{花@ 第02期,L4/3,1.170,2018-02-22,"
"
沙田,富豪花@,B2/1437,0.740,2018-02-22,"
"
青衣,盈翠半u,4/4R45,2.570,2018-02-22,"
"
沙田,富豪花@,B2/1268,0.750,2018-02-22,"
"
大埔,湖花@,B/8,1.400,2018-02-22,"
"
f~涌,惠安苑,G/73,1.480,2018-02-22,"
"
沙田,金{花@ 第02期,L4/106,1.080,2018-02-22,"
"
荃,碧堤半u,L7/R7198,0.920,2018-02-22,"
"
荃,豪景花@ 第02期 停,1/109,0.630,2018-02-22,"
"
屯T,恒@,L3/156,0.730,2018-02-22,"
"
天水,嘉湖山f 第02期 p湖居,LG/201,1.350,2018-02-22,"
"
西,傲{,-/3450C,2.000,2018-02-22,"
"
西,傲{,-/8946D,2.000,2018-02-22,"
"
小西,富景花@,-/80,1.400,2018-02-22,"
"
沙田,金{花@ 第02期,L4/34,1.048,2018-02-22,"
"
沙田,金{花@ 第02期,L1/3,1.488,2018-02-22,"
"
④澳,富花@,CP/40,0.720,2018-02-22,"
"
土瓜,帝庭豪@,1/127,0.860,2018-02-22,"
"
L沙,宇晴,5/R194,1.800,2018-02-22,"
"
L沙,宇晴,5/R195,1.800,2018-02-22,"
"
L沙,登豪庭,B/B96,0.700,2018-02-22,"
"
④澳,富康花@,6/676,1.000,2018-02-22,"
"
④澳,富康花@,6/676,1.000,2018-02-22,"
"
④澳,富康花@,1/125,1.350,2018-02-22,"
"
沙田,A翠@ |翼,L1/85,0.500,2018-02-22,"
"
牛池,嘉峰台,P3/80,1.165,2018-02-22,"
"
|涌,|堤撑 停 北翼,G/D103,1.680,2018-02-22,"
"
牛池,嘉峰台,P3/80,1.165,2018-02-22,"
"
牛池,嘉峰台,P3/1,0.120,2018-02-22,"
"
何文田,正平大B,1/121,0.890,2018-02-22,"
"
荃,R,L3/P62,0.610,2018-02-22,"
"
石尾,美Aw,G/2,1.200,2018-02-22,"
"
屯T,德雅工I中心,2/L27,1.450,2018-02-22,"
"
沙田,y禧花@,2/177,1.750,2018-02-22,"
"
L沙,泓景台,3/63,1.790,2018-02-22,"
"
荃,海I花@ 平台 C,G/24,1.580,2018-02-22,"
"
④澳,新都城 第03期 都豪庭,B/RC96,1.630,2018-02-22,"
"
沙田,金{花@ 第01期,L4/7,0.998,2018-02-22,"
"
沙田,金{花@ 第01期,L2/80,1.080,2018-02-22,"
"
荔枝角,美孚新村 1期,-/59,1.000,2018-02-22,"
"
西,傲{,-/8945D,2.000,2018-02-22,"
"
屯T,大d花@ 第01期,L1/33,1.068,2018-02-22,"
"
沙田,沙田第一城 第04期,G/135,1.120,2018-02-22,"
"
^塘,俊R中心,1/P9,1.600,2018-02-22,"
"
大角咀,P帆,1/6,1.900,2018-02-22,"
"
元朗,逸翠,G/P15,0.328,2018-02-22,"
"
|涌,映@ 第06期,B1/C267,1.650,2018-02-22,"
"
上水,奕翠@,P/367,0.470,2018-02-22,"
"
柴,杏花村,G/G21,2.500,2018-02-22,"
"
上h,S烽w,LG4/128,1.550,2018-02-22,"
"
薄扶林,置富花@,L1/62,1.420,2018-02-22,"
"
屯T,德雅工I中心,2/L27,1.450,2018-02-22,"
"
荃,豪景花@ 第03期 停,3/204,0.650,2018-02-22,"
"
荃,豪景花@ 第03期 停,2/86,0.630,2018-02-22,"
"
荃,h宇海,L1/R19,1.540,2018-02-22,"
"
沙田,帝堡城,L2/P29,1.090,2018-02-22,"
"
荃,豪景花@ 第03期 停,2/85,0.630,2018-02-22,"
"
大角咀,柏景 帝柏海,B/320,2.660,2018-02-22,"
"
④澳,富花@ 商,2/66,1.250,2018-02-22,"
"
屯T,\花@,UG/43,0.600,2018-02-22,"
"
荔枝角,美孚新村 4期,2/409,1.550,2018-02-22,"
"
元朗,富豪庭,-/47,1.600,2018-02-22,"
"
屯T,翠景花@,-/1,0.110,2018-02-22,"
"
④澳,安花@,G/115,1.100,2018-02-22,"
"
屯T,屯T柏V,10/C104,0.780,2018-02-22,"
"
西半山,俊芑@,3/180,1.880,2018-02-22,"
"
西,傲{,-/3963D,2.000,2018-02-22,"
"
R鞍山,雅苑,B1/293,1.100,2018-02-22,"
"
西,傲{,-/3972D,2.200,2018-02-22,"
"
屯T,屯T中央V,10/T135,0.950,2018-02-22,"
"
屯T,大d花@ 第01期,L1/44,1.150,2018-02-22,"
"
沙田,金{花@ 第01期,L4/40,0.910,2018-02-22,"
"
油麻地,君U峰,L6/168,2.850,2018-02-22,"
"
西,傲{,-/3494C,2.200,2018-02-22,"
"
西,傲{,-/3915D,2.000,2018-02-22,"
"
香港仔,海怡半u 第03期,P1/291,1.780,2018-02-22,"
"
西,傲{,-/3519C,2.200,2018-02-22,"
"
荔枝角,美孚新村 8期,3/859,1.290,2018-02-21,"
"
荃,R,L3/P51,0.680,2018-02-21,"
"
荃,豪景花@ 第01期 停,3/484,0.680,2018-02-21,"
"
西,傲{,-/3363C,2.200,2018-02-21,"
"
尖沙咀,漾日居,1/106,2.250,2018-02-21,"
"
西,傲{,-/3936D,1.900,2018-02-21,"
"
西,傲{,-/3515C,2.200,2018-02-21,"
"
\水,保A大B,"-/28,64,89",5.600,2018-02-21,"
"
尖沙咀,P旋T,B1/14,2.000,2018-02-21,"
"
大角咀,柏景 帝柏海,B/15,2.410,2018-02-21,"
"
大埔,翠屏花@,B/P15,1.200,2018-02-21,"
"
元朗,翠B,B/1-5,1.747,2018-02-21,"
"
元朗,翠B,B/24-28,1.758,2018-02-21,"
"
大角咀,P帆,2/28,1.600,2018-02-21,"
"
④澳,新城,1/P288,1.730,2018-02-21,"
"
元朗,翠B,"B/7-9,14,15",1.735,2018-02-21,"
"
大角咀,富s花@ 第01期 停,G/G47,1.780,2018-02-21,"
"
新蒲,采U花@,G/M26,0.050,2018-02-21,"
"
大埔,翠屏花@,B/P22,1.130,2018-02-21,"
"
荃,豪景花@ 第03期 停,1/25,0.620,2018-02-21,"
"
荃,碧堤半u,L6/R6445,0.965,2018-02-21,"
"
荃,城花@ 第02期,2/112,1.580,2018-02-21,"
"
何文田,皓畋,LG/LG99,3.500,2018-02-21,"
"
大埔,鹿茵山f 鹿怡居,B2/26,0.800,2018-02-21,"
"
大埔,鹿茵山f 鹿怡居,B2/25,0.800,2018-02-21,"
"
屯T,兆麟苑 第01期,2/153,0.790,2018-02-21,"
"
|涌,NC,B/A434,0.800,2018-02-21,"
"
青衣,海欣花@,G/C100,1.700,2018-02-21,"
"
青衣,海欣花@,G/C40,1.750,2018-02-21,"
"
九塘,根德w,B/162,0.800,2018-02-21,"
"
沙田,嘉御山,B/1,0.305,2018-02-21,"
"
沙田,嘉御山,B/7,0.310,2018-02-21,"
"
沙田,嘉御山,B/9,0.305,2018-02-21,"
"
荃,d盛工I大B,1/L16,2.100,2018-02-21,"
"
沙田,新都V,3/P342,0.930,2018-02-21,"
"
屯T,兆麟苑 第02期,3/181,0.730,2018-02-21,"
"
沙田,壹,L2/P2026,1.630,2018-02-21,"
"
沙田,松翠小B,LG/3,4.300,2018-02-21,"
"
沙田,源渖角f,C4/36,0.700,2018-02-21,"
"
何文田,皓畋,LG/LG98,3.500,2018-02-21,"
"
R鞍山,富花@,1/1123,1.335,2018-02-21,"
"
大埔,湖花@,B/5,1.380,2018-02-21,"
"
大埔,帝琴 P琴居,LC/149,12.000,2018-02-21,"
"
屯T,海翠花@,U1/151,1.220,2018-02-21,"
"
屯T,兆麟苑 第02期,3/228,0.740,2018-02-21,"
"
阅岬爻,雅山,1/4,2.900,2018-02-21,"
"
沙田,金{花@ 第02期,L3/36,0.960,2018-02-20,"
"
粉X,sx中心,G/161,0.450,2018-02-20,"
"
油麻地,君U峰,L6/250,2.900,2018-02-20,"
"
④澳,新都城 第02期,B2/RC219,1.690,2018-02-20,"
"
屯T,T,5/5R027,2.080,2018-02-20,"
"
屯T,恒@,L3/8,0.900,2018-02-20,"
"
北角,富苫@,G/61,1.360,2018-02-20,"
"
荃,海I花@ 平台 C,L2/109,1.280,2018-02-20,"
"
L沙,泓景台,3/98,1.750,2018-02-20,"
"
荃,R,L2/P2,0.590,2018-02-20,"
"
荃,h宇海,L3/R51,1.460,2018-02-20,"
"
天水,嘉湖山f 第01期 泛居,B2/1,1.260,2018-02-20,"
"
大埔,焚t居,1/202,0.868,2018-02-20,"
"
西,傲{,-/3326C,2.200,2018-02-20,"
"
大埔,盈峰翠邸,G/P137,0.400,2018-02-20,"
"
屯T,翠花@,-/177,0.810,2018-02-20,"
"
屯T,兆麟苑 第02期,2/136,0.790,2018-02-20,"
"
屯T,兆麟苑 第01期,1/92,0.810,2018-02-20,"
"
屯T,B茵庭,P3/140,0.800,2018-02-20,"
"
沙田,欣廷,G/P38,1.100,2018-02-20,"
"
大埔,翠屏花@,B/P90,1.050,2018-02-20,"
"
柴,雅w,G/55,0.630,2018-02-20,"
"
北角半山,f德w,-/214,0.718,2018-02-20,"
"
④澳,日出康城 第02期 I都,L2/416,2.170,2018-02-20,"
"
西,傲{,-/3584C,2.200,2018-02-20,"
"
西,傲{,-/3480C,2.000,2018-02-20,"
"
西,傲{,-/3968D,2.200,2018-02-20,"
"
西,傲{,-/3722B,1.600,2018-02-20,"
"
上水,御皇庭,G/20,1.100,2018-02-20,"
"
沙田,富豪花@,B2/1130,0.740,2018-02-20,"
"
沙田,B花@,R/278,1.110,2018-02-20,"
"
|涌,映@ 第06期,B2/B123,1.738,2018-02-20,"
"
沙田,玖山,B/B067,3.980,2018-02-20,"
"
t|,崇廉,1/60,1.500,2018-02-15,"
"
沙田,碧花@ 第02期,G/222,0.790,2018-02-15,"
"
屯T,屯T柏V,9/C35,0.850,2018-02-15,"
"
t|,t|持行,B/98,1.860,2018-02-15,"
"
荃,翠S台,P2/C63,1.460,2018-02-15,"
"
沙田,富豪花@,B1/737,0.860,2018-02-15,"
"
沙田,富豪花@,B1/1014,0.770,2018-02-15,"
"
西,傲{,-/3427C,2.200,2018-02-15,"
"
西,傲{,-/3444C,2.000,2018-02-15,"
"
西,傲{,-/3908D,2.000,2018-02-15,"
"
西,傲{,-/3731B,0.000,2018-02-15,"
"
西,傲{,-/3437C,0.000,2018-02-15,"
"
西,傲{,-/3362C,0.000,2018-02-15,"
"
西,傲{,-/3412C,0.000,2018-02-15,"
"
西,傲{,-/8988D,2.000,2018-02-15,"
"
西,傲{,-/3556C,2.000,2018-02-15,"
"
西,傲{,-/3508C,2.200,2018-02-15,"
"
天水,嘉湖山f 第01期 泛居,B1/18,1.380,2018-02-15,"
"
沙田,雅士w,-/2,13.500,2018-02-15,"
"
沙田,E景@,G/G088,1.680,2018-02-15,"
"
大角咀,富s花@ 第02期 停,8/836,1.250,2018-02-15,"
"
大角咀,富s花@ 第02期 停,8/836,1.250,2018-02-15,"
"
荃,h宇海,L3/R44,1.420,2018-02-15,"
"
油塘,港城 第04期,B/165,2.180,2018-02-15,"
"
荃,碧堤半u,L6/R6196,0.500,2018-02-15,"
"
R鞍山,翠砣A庭,B1/83,1.630,2018-02-15,"
"
R鞍山,翠砣A庭,B1/256,1.780,2018-02-15,"
"
荃,豪景花@ 第02期 停,2/87,0.650,2018-02-15,"
"
荔枝角,美孚新村 7期,2/486,1.400,2018-02-15,"
"
西,傲{,-/3420C,2.200,2018-02-15,"
"
荃,金Sw,B/C5,1.680,2018-02-15,"
"
荃,金熊工I中心,1/13,1.150,2018-02-15,"
"
西,傲{,-/3482C,2.200,2018-02-15,"
"
沙田,沙田第一城 第04期,1/112,1.070,2018-02-15,"
"
沙田,沙田第一城 第04期,G/8,0.970,2018-02-15,"
"
青衣,青怡花@,B/297,1.388,2018-02-15,"
"
何文田,皓畋,LG/LG187,0.000,2018-02-15,"
"
沙田,金{花@ 第02期,L2/124,1.200,2018-02-15,"
"
t|,S埔花@ 第04期,"B/118,R9",3.780,2018-02-15,"
"
沙田,翠景花@,2/50,0.980,2018-02-15,"
"
屯T,海景花@,LG2/124,0.900,2018-02-15,"
"
尖沙咀,R翔道8,B2/2-123,2.900,2018-02-15,"
"
^塘,f兆S中心,2/P21,2.180,2018-02-15,"
"
荃,豪景花@ 第03期 停,4/129,0.650,2018-02-15,"
"
荃,d盛工I大B,1/10,1.600,2018-02-15,"
"
荃,金Sw,B/C5,1.680,2018-02-15,"
"
九,⒌1 第02期 停,B/M3,0.070,2018-02-15,"
"
西,傲{,-/3104C,2.200,2018-02-15,"
"
西,傲{,-/3503C,2.200,2018-02-15,"
"
西,傲{,-/3740B,1.600,2018-02-15,"
"
西,傲{,-/3320C,2.200,2018-02-15,"
"
西,傲{,-/3321C,2.200,2018-02-15,"
"
西,傲{,-/3448C,2.000,2018-02-15,"
"
西,傲{,-/3471C,2.000,2018-02-15,"
"
荃,豪景花@ 第03期 停,3/115,0.650,2018-02-15,"
"
荔枝角,美孚新村 2期,UL/289,1.650,2018-02-15,"
"
荔枝角,美孚新村 4期,2/413,1.380,2018-02-15,"
"
S大仙,F崇山,4/P29,0.000,2018-02-15,"
"
大角咀,P帆,2/66,1.980,2018-02-15,"
"
荃,恒@,1/12,1.000,2018-02-15,"
"
屯T,美坊@,B1/231,0.785,2018-02-15,"
"
屯T,景峰花@,G/G08,0.800,2018-02-15,"
"
|涌,映@,B/241,1.680,2018-02-15,"
"
④澳,日出康城 第02期 I都,L2/363,2.080,2018-02-15,"
"
④澳,峻] II,1/R136,1.890,2018-02-15,"
"
④澳,S景撑,LG3/248,1.960,2018-02-15,"
"
薄扶林,置富花@,L2/165,1.160,2018-02-15,"
"
|涌,NC,B/A444,0.800,2018-02-15,"
"
跑R地,W花@,G/2,2.000,2018-02-15,"
"
元朗,溱林,B/55,0.000,2018-02-15,"
"
④澳,S景撑,LG3/40,1.960,2018-02-15,"
"
|涌,|堤撑 停 北翼,P1/D40,1.800,2018-02-15,"
"
|涌,|堤撑 停 北翼,P1/D40,1.800,2018-02-15,"
"
|涌,|h 第01期,B/1106,1.320,2018-02-15,"
"
|涌,|堤撑 停 南翼,G/D84,1.850,2018-02-15,"
"
屯T,屯T柏V,B2/C184,0.980,2018-02-15,"
"
西半山,俊芑@,2/111,2.000,2018-02-15,"
"
④澳,帝景,B/R23,2.400,2018-02-15,"
"
④澳,新城,G/P55,1.900,2018-02-15,"
"
西半山,xw,C3/15,2.380,2018-02-15,"
"
屯T,海翠花@,U1/102,1.280,2018-02-15,"
"
何文田,半山壹,3/P182,2.600,2018-02-15,"
"
屯T,翠林花@,3/31,1.200,2018-02-15,"
"
|涌,映@,B/241,1.680,2018-02-15,"
"
荃,豪景花@ 第02期 停,1/59,0.650,2018-02-14,"
"
何文田,半山壹,5/P08,2.800,2018-02-14,"
"
荃,豪景花@ 第03期 停,2/106,0.600,2018-02-14,"
"
大埔,湖花@,B/66,2.000,2018-02-14,"
"
大埔,湖花@,B/64,1.570,2018-02-14,"
"
大埔,盈峰翠邸,G/P172,0.446,2018-02-14,"
"
土瓜,嘉景花@,1/M5,0.330,2018-02-14,"
"
土瓜,傲峰,1/R63,2.020,2018-02-14,"
"
屯T,兆麟苑 第01期,3/199,0.730,2018-02-14,"
"
④澳,富康花@,4/466,1.087,2018-02-14,"
"
油塘,程煜,2/R253,1.980,2018-02-14,"
"
|涌,NC,B/A443,0.800,2018-02-14,"
"
屯T,屯T柏V,B2/C243,0.980,2018-02-14,"
"
|涌,NC,B/A360,0.800,2018-02-14,"
"
|涌,海堤撑,B/D156,1.368,2018-02-14,"
"
葵涌,葵德工I中心,G/10,1.800,2018-02-14,"
"
葵涌,Al工I大B,1/52,1.150,2018-02-14,"
"
|涌,{天海岸 第01期,B/192,1.568,2018-02-14,"
"
大埔,盈峰翠邸,G/P172,0.446,2018-02-14,"
"
t|,S埔花@ 第04期,B/168,2.100,2018-02-14,"
"
^塘,碧苑,G/32,0.700,2018-02-14,"
"
石尾,又一居 停 第26-33座,CP2/59,1.190,2018-02-14,"
"
石尾,又一居 停 第26-33座,"CP3/66,76",1.980,2018-02-14,"
"
石尾,又一居 停 第26-33座,"CP3/59,60",1.980,2018-02-14,"
"
石尾,又一居 停 第26-33座,"CP3/84,87",1.980,2018-02-14,"
"
石尾,又一居 停 第26-33座,"CP3/77,78",1.980,2018-02-14,"
"
石尾,又一居 停 第26-33座,"CP3/1,2",1.980,2018-02-14,"
"
石尾,又一居 停 第26-33座,"CP3/3,4",1.980,2018-02-14,"
"
土瓜,嘉景花@,1/M6,0.330,2018-02-14,"
"
土瓜,嘉景花@,1/M4,0.350,2018-02-14,"
"
天水,嘉湖山f 第05期 湖居,B/219,1.400,2018-02-14,"
"
荃,城花@ 第03期,B2/286,1.380,2018-02-14,"
"
R鞍山,翠砣A庭,B1/155,1.780,2018-02-14,"
"
西,傲{,-/3446C,2.200,2018-02-14,"
"
屯T,屯T柏V,B2/C212,0.970,2018-02-14,"
"
荃,R,L3/P14,0.600,2018-02-14,"
"
荃,R,L6/P16,0.630,2018-02-14,"
"
九,富洋工I中心,B/L16,3.000,2018-02-14,"
"
何文田,皓畋,LG/191,3.500,2018-02-14,"
"
荃,豪景花@ 第02期 停,1/61,0.650,2018-02-14,"
"
④澳,都k,L1/117,1.830,2018-02-14,"
"
石尾,又一居 停 B^,L2/161,1.100,2018-02-14,"
"
石尾,又一居 停 B^,L2/289,1.200,2018-02-14,"
"
石尾,又一居 停 B^,L2/276,1.250,2018-02-14,"
"
石尾,又一居 停 B^,L2/240,1.250,2018-02-14,"
"
石尾,又一居 停 B^,L2/313,1.100,2018-02-14,"
"
石尾,又一居 停 B^,L2/1,1.080,2018-02-14,"
"
石尾,又一居 停 B^,L2/316,1.300,2018-02-14,"
"
④澳,新都城 第02期,B2/RC582,1.680,2018-02-14,"
"
大角咀,富s花@ 第02期 停,4/404,1.680,2018-02-14,"
"
大角咀,柏景 帝柏海,B/12,2.400,2018-02-14,"
"
屯T,德雅工I中心,2/L19,1.380,2018-02-14,"
"
九,⒌1 第02期 停,B/69,2.930,2018-02-14,"
"
石尾,又一居 停 第26-33座,"CP3/7,9",1.980,2018-02-14,"
"
石尾,又一居 停 第26-33座,"CP3/5,6",1.980,2018-02-14,"
"
荔枝角,美孚新村 6期,G/13,1.146,2018-02-14,"
"
④澳,峻] II,1/R125,1.890,2018-02-14,"
"
石尾,又一居 停 第26-33座,"CP3/53,57",1.980,2018-02-14,"
"
石尾,又一居 停 第26-33座,"CP3/15,36",1.980,2018-02-14,"
"
^塘,康@,UC/27,0.660,2018-02-14,"
"
西,傲{,-/3483C,2.000,2018-02-14,"
"
青衣,景,L1/19,2.210,2018-02-14,"
"
元朗,菁雅居,-/259,0.570,2018-02-14,"
"
西,傲{,-/3743B,1.600,2018-02-14,"
"
沙田,壹,L3/P3049,3.720,2018-02-14,"
"
荃,荃景花@,2/17,1.380,2018-02-14,"
"
西,傲{,-/3557C,2.200,2018-02-14,"
"
沙田,富豪花@,B2/1435,0.773,2018-02-14,"
"
沙田,金{花@ 第02期,L3/75,1.290,2018-02-14,"
"
西,傲{,-/3407C,2.000,2018-02-14,"
"
西,傲{,-/3485C,2.200,2018-02-14,"
"
元朗,尚,G/G146,1.330,2018-02-14,"
"
西,傲{,-/3738B,1.600,2018-02-14,"
"
元朗,蝶翠峰 第01期,1/195,0.700,2018-02-14,"
"
西,傲{,-/3488C,2.200,2018-02-14,"
"
西,傲{,-/3521C,2.000,2018-02-14,"
"
西,傲{,-/3473C,2.200,2018-02-14,"
"
荃,名逸居,1/C27,1.600,2018-02-14,"
"
屯T,星堤,LG/P345,1.500,2018-02-14,"
"
九,⒌1 第02期 停,B/103,3.030,2018-02-14,"
"
沙田,河畔花@,L2/156,0.878,2018-02-14,"
"
西,傲{,-/3319C,2.000,2018-02-14,"
"
石尾,又一居 停 B^,L2/299,1.350,2018-02-14,"
"
荃,海花@,P1/135,0.960,2018-02-14,"
"
沙田,金{花@ 第02期,L2/99,1.300,2018-02-14,"
"
元朗,朗怡居,B/69,0.710,2018-02-14,"
"
西,傲{,-/3514C,2.200,2018-02-14,"
"
西,傲{,-/3737B,1.600,2018-02-14,"
"
元朗,富豪庭,-/21,1.600,2018-02-14,"
"
西,傲{,-/3479C,2.000,2018-02-14,"
"
西,傲{,-/3579C,2.000,2018-02-14,"
"
元朗,朗晴居,G/127,0.675,2018-02-14,"
"
薄扶林,薄扶林花@,LG1/74,1.780,2018-02-14,"
"
西,傲{,-/3957D,1.900,2018-02-14,"
"
元朗,A翠豪@,B1/21,0.630,2018-02-14,"
"
西,傲{,-/3478C,2.000,2018-02-14,"
"
西,傲{,-/3493C,2.200,2018-02-14,"
"
西,傲{,-/3458C,2.000,2018-02-14,"
"
西,傲{,-/3454C,2.000,2018-02-14,"
"
西,傲{,-/3330C,2.200,2018-02-14,"
"
西,傲{,-/3377C,2.000,2018-02-14,"
"
西,傲{,-/3404C,2.200,2018-02-14,"
"
小西,富景花@,-/80,1.400,2018-02-14,"
"
西,傲{,-/3403C,2.200,2018-02-14,"
"
青衣,青衣工I中心 第02期,1/159,1.500,2018-02-14,"
"
西,傲{,-/3415C,2.200,2018-02-14,"
"
沙田,沙田第一城 第04期,G/135,1.120,2018-02-14,"
"
大埔,新峰花@ 第02期,B1/54,0.620,2018-02-14,"
"
荃,海花@,P1/135,0.960,2018-02-14,"
"
沙田,河畔花@,L1/3,1.800,2018-02-14,"
"
沙田,金{花@ 第01期,L1/9,1.100,2018-02-14,"
"
香港仔,海怡半u 第03期,P2/30,1.800,2018-02-14,"
"
沙田,沙田第一城中心,2/41,1.188,2018-02-13,"
"
沙田,沙田第一城y城商,3/78,1.267,2018-02-13,"
"
沙田,沙田第一城y城商,3/149,1.300,2018-02-13,"
"
沙田,沙田第一城 第04期,1/172,1.020,2018-02-13,"
"
沙田,沙田第一城 第05期,1/202,1.000,2018-02-13,"
"
沙田,沙田第一城 第05期,1/51,0.983,2018-02-13,"
"
西,傲{,-/3318C,2.000,2018-02-13,"
"
西,傲{,-/3736B,1.600,2018-02-13,"
"
西,傲{,-/3733B,2.200,2018-02-13,"
"
西,傲{,-/3724B,1.600,2018-02-13,"
"
西,傲{,-/3356C,2.300,2018-02-13,"
"
西,傲{,-/3486C,2.000,2018-02-13,"
"
西,傲{,-/3417C,2.000,2018-02-13,"
"
西,傲{,-/3405C,2.200,2018-02-13,"
"
西,傲{,-/3967D,1.900,2018-02-13,"
"
西,傲{,-/3531C,2.000,2018-02-13,"
"
西,傲{,-/3934D,1.900,2018-02-13,"
"
西,傲{,-/3744B,1.600,2018-02-13,"
"
西,傲{,-/3424C,2.200,2018-02-13,"
"
沙田,翠湖花@,B/155,0.720,2018-02-13,"
"
大角咀,浪澄,L2/23,2.380,2018-02-13,"
"
大角咀,S港,B/B86,2.100,2018-02-13,"
"
大角咀,P帆,3/70,1.960,2018-02-13,"
"
九,⒌1 第02期 停,B/M2,0.070,2018-02-13,"
"
九,⒌1 第02期 停,B/68,3.150,2018-02-13,"
"
荔枝角,美孚新村 7期,2/528,1.500,2018-02-13,"
"
荔枝角,美孚新村 7期,2/363,1.460,2018-02-13,"
"
{田,d田村,A/A45,0.970,2018-02-13,"
"
{田,d田村,B/B7,0.952,2018-02-13,"
"
旺角,早暧,2/207,2.400,2018-02-13,"
"
石尾,翡翠w,G/10,1.100,2018-02-13,"
"
石尾,又一居 停 B^,L2/208,1.188,2018-02-13,"
"
新蒲,采U花@,6/36,0.800,2018-02-13,"
"
西,傲{,-/3360C,2.200,2018-02-13,"
"
西,傲{,-/3428C,2.000,2018-02-13,"
"
西,傲{,-/3741B,1.600,2018-02-13,"
"
西,傲{,-/3974D,2.200,2018-02-13,"
"
西,傲{,-/3445C,2.000,2018-02-13,"
"
西,傲{,-/3447C,2.000,2018-02-13,"
"
沙田,帝堡城,L2/P160,1.050,2018-02-13,"
"
④澳,日出康城 第02期 I都,L3/824,2.080,2018-02-13,"
"
④澳,日出康城 第02期 I都,L2/325,2.110,2018-02-13,"
"
④澳,日出康城 第02期 I都,L2/181,2.180,2018-02-13,"
"
西半山,秀w,L1/15,2.280,2018-02-13,"
"
④澳,新都城 第02期,B2/RC229,1.680,2018-02-13,"
"
柴,|QV,1/101,3.980,2018-02-13,"
"
④澳,S景撑 第01期,LG1/C1,1.980,2018-02-13,"
"
屯T,恒S@,LG/A8,0.738,2018-02-13,"
"
荃,h宇海,L3/R50,1.460,2018-02-13,"
"
九,⒌1 第02期 停,B/101,3.030,2018-02-13,"
"
土瓜,嘉景花@,1/M3,0.350,2018-02-13,"
"
油麻地,君U峰,L3/11,2.800,2018-02-13,"
"
葵涌,葵涌V,B/P88,1.800,2018-02-13,"
"
葵涌,_明工I大B,"B/17,19",2.000,2018-02-13,"
"
葵涌,和S工I中心,4/CP5,1.300,2018-02-13,"
"
R鞍山,^雅,G/P65,1.200,2018-02-13,"
"
R鞍山,^雅,1/P44,1.000,2018-02-13,"
"
九,⒌1 第01期 停,B/P80,2.970,2018-02-13,"
"
R鞍山,嘉A星,2/78,1.500,2018-02-13,"
"
西,傲{,-/3589C,2.200,2018-02-13,"
"
筲箕,耀@花@大B,G/17,1.350,2018-02-13,"
"
筲箕,鄣,3/303,0.900,2018-02-13,"
"
元朗,朗庭@,1/6,1.060,2018-02-13,"
"
青衣,景,L2/20,2.250,2018-02-13,"
"
|涌,映@ 第06期,B1/C365,1.650,2018-02-13,"
"
元朗,朗晴居,B/401,0.870,2018-02-13,"
"
沙田,y禧花@,1/76,2.000,2018-02-13,"
"
|涌,|堤撑 停 北翼,G/D129,1.820,2018-02-13,"
"
香港仔,港豪@,3/18,1.560,2018-02-13,"
"
柴,|QV,1/109,0.790,2018-02-13,"
"
柴,|QV,1/110,0.790,2018-02-13,"
"
屯T,P德花@,1/129,0.700,2018-02-13,"
"
荃,豪景花@ 第01期 停,2/353,0.700,2018-02-13,"
"
香港仔,香港仔中心 第02期 (P-R座),B/51,1.790,2018-02-13,"
"
柴,永利中心,3/2,0.765,2018-02-13,"
"
荃,R,L3/P34,0.600,2018-02-13,"
"
中半山,正大花@大B,G/A16,1.488,2018-02-13,"
"
柴,|QV,1/103,0.820,2018-02-13,"
"
大埔,翠屏花@,B/P20,1.085,2018-02-13,"
"
柴,|QV,1/102,0.790,2018-02-13,"
"
|涌,映@ 第06期,B1/C82,1.700,2018-02-13,"
"
|涌,映@ 第06期,B1/C392,1.700,2018-02-13,"
"
|涌,映@ 第06期,B2/B273,1.650,2018-02-13,"
"
香港仔,海怡半u 第03期,P1/370,1.740,2018-02-13,"
"
|涌,{天海岸 第01期,B/214,1.850,2018-02-13,"
"
薄扶林,置富花@,L2/92,1.500,2018-02-13,"
"
|涌,{天海岸 第04期,G/4,1.780,2018-02-13,"
"
|涌,海堤撑,B/D190,1.750,2018-02-13,"
"
|涌,映@ 第06期,B2/B91,1.650,2018-02-13,"
"
沙田,碧霞花@,B/147,0.430,2018-02-13,"
"
{田,R景花@,L5/147,2.000,2018-02-12,"
"
牛池,花@,L3/97,1.500,2018-02-12,"
"
西,傲{,-/3969D,2.000,2018-02-12,"
"
西,傲{,-/3460C,2.000,2018-02-12,"
"
西,傲{,-/3917D,2.000,2018-02-12,"
"
t|,海逸豪@ 玉庭,B1/43,2.400,2018-02-12,"
"
西,傲{,-/3965D,1.900,2018-02-12,"
"
油麻地,君U峰,L6/124,2.800,2018-02-12,"
"
油麻地,君U峰,L6/124,2.800,2018-02-12,"
"
西,傲{,-/3918D,2.000,2018-02-12,"
"
上水,S花@,L2/13,1.630,2018-02-12,"
"
大埔,盈峰翠邸,G/P151,0.400,2018-02-12,"
"
西,傲{,-/3525C,2.200,2018-02-12,"
"
尖沙咀,港景峰,6/M20,0.370,2018-02-12,"
"
尖沙咀,港景峰,6/M20,0.370,2018-02-12,"
"
大角咀,港澈劳,L2/R375,1.000,2018-02-12,"
"
新蒲,采U花@,6/18,0.730,2018-02-12,"
"
新蒲,康景,3/81,1.550,2018-02-12,"
"
牛池,花@,L3/97,1.500,2018-02-12,"
"
|涌,映@ 第06期,B2/B232,1.700,2018-02-12,"
"
西,傲{,-/3739B,1.600,2018-02-12,"
"
西,傲{,-/3927D,1.900,2018-02-12,"
"
西,傲{,-/3534C,2.200,2018-02-12,"
"
沙田,沙田第一城 第05期,1/55,0.968,2018-02-12,"
"
九塘,架山一,D2/M1-M4,0.650,2018-02-12,"
"
九塘,碧A花@,B/195,19.000,2018-02-12,"
"
九,⒌1 第02期 停,B/M4,0.070,2018-02-12,"
"
九,⒌1 第02期 停,B/31,3.030,2018-02-12,"
"
九,⒌1 第02期 停,B/100,3.090,2018-02-12,"
"
九,⒌1 第02期 停,B/62,2.990,2018-02-12,"
"
九,⒌1 第02期 停,B/70,2.930,2018-02-12,"
"
九,⒌1 第02期 停,B/99,2.930,2018-02-12,"
"
④澳,都k,L3/4,1.888,2018-02-12,"
"
④澳,日出康城 第02期 I都,L2/193,2.180,2018-02-12,"
"
沙田,碧霞花@,L1/42,0.460,2018-02-12,"
"
沙田,碧霞花@,B/29,0.410,2018-02-12,"
"
九,⒌1 第01期 停,B/P68,2.880,2018-02-12,"
"
九,⒌1 第01期 停,B/P83,3.170,2018-02-12,"
"
|涌,{天海岸 第01期,B/242,1.780,2018-02-12,"
"
西,傲{,-/3457C,2.200,2018-02-12,"
"
筲箕,|熹苑,L/L2,1.257,2018-02-12,"
"
西,傲{,-/3953D,2.200,2018-02-12,"
"
西,傲{,-/3948D,2.000,2018-02-12,"
"
西,傲{,-/3489C,2.200,2018-02-12,"
"
西,傲{,-/3421C,2.000,2018-02-12,"
"
西,傲{,-/3742B,1.600,2018-02-12,"
"
西,傲{,-/3542C,2.000,2018-02-12,"
"
西,傲{,-/3436C,2.000,2018-02-12,"
"
北角,百福花@,-/144,1.520,2018-02-12,"
"
青衣,海花@,G/23,1.350,2018-02-12,"
"
西,傲{,-/3916D,2.000,2018-02-12,"
"
西,傲{,-/3975D,1.900,2018-02-12,"
"
香港仔,海怡半u 第03期,P1/331,1.750,2018-02-12,"
"
青衣,海花@,G/23,1.350,2018-02-12,"
"
西,傲{,-/3563C,2.200,2018-02-12,"
"
西半山,天R,1/108,4.670,2018-02-12,"
"
西,傲{,-/3536C,2.000,2018-02-12,"
"
荃,豪景花@ 第01期 停,4/688,0.678,2018-02-12,"
"
荃,豪景花@ 第01期 停,G/82,0.750,2018-02-12,"
"
西,傲{,-/3487C,2.200,2018-02-12,"
"
西,傲{,-/3333C,2.000,2018-02-12,"
"
西,傲{,-/3551C,2.200,2018-02-12,"
"
西,傲{,-/3585C,2.200,2018-02-12,"
"
西,傲{,-/3344C,2.000,2018-02-09,"
"
屯T,B茵庭,P3/160,0.735,2018-02-09,"
"
屯T,⒇S@,2/21,0.965,2018-02-09,"
"
何文田,常富街1,B1/63,3.200,2018-02-09,"
"
西,傲{,-/3472C,2.200,2018-02-09,"
"
西,傲{,-/3562C,2.000,2018-02-09,"
"
西,傲{,-/3323C,2.000,2018-02-09,"
"
西,傲{,-/3477C,2.000,2018-02-09,"
"
西,傲{,-/3432C,2.200,2018-02-09,"
"
西,傲{,-/3408C,2.200,2018-02-09,"
"
屯T,慧S@,G/A465,0.800,2018-02-09,"
"
荔枝角,美孚新村 7期,2/475,1.495,2018-02-09,"
"
④澳,④澳V,B1/P98,2.420,2018-02-09,"
"
沙田,富豪花@,L1/624,0.630,2018-02-09,"
"
屯T,S景@,G/A123,1.000,2018-02-09,"
"
上水,奕翠@,L1/486,0.680,2018-02-09,"
"
屯T,P德花@,1/131,0.685,2018-02-09,"
"
屯T,T居,1/113,0.850,2018-02-09,"
"
西,傲{,-/3581C,2.000,2018-02-09,"
"
屯T,屯T中央V,10/T103,1.095,2018-02-09,"
"
沙田,花@城 第02期,L2/28,0.980,2018-02-09,"
"
沙田,S盛工I中心,2/40,1.900,2018-02-09,"
"
沙田,A生工I大B,1/44,1.700,2018-02-09,"
"
|涌,映@,B/254,1.600,2018-02-09,"
"
|涌,映@ 第06期,B2/B229,1.520,2018-02-09,"
"
|涌,映@ 第06期,B2/B263,1.600,2018-02-09,"
"
|涌,|堤撑 停 北翼,G/D103,1.680,2018-02-09,"
"
④澳,康盛花@,G/64,1.275,2018-02-09,"
"
沙田,沙田中心,L1/210,0.920,2018-02-09,"
"
沙田,沙田第一城 第04期,1/189,0.790,2018-02-09,"
"
九,⒌1 第02期 停,B/37,3.030,2018-02-09,"
"
九,⒌1 第02期 停,B/104,2.870,2018-02-09,"
"
九,⒌1 第02期 停,B/102,3.030,2018-02-09,"
"
九,康中心,G/L2,2.950,2018-02-09,"
"
九,康中心,G/L2,2.950,2018-02-09,"
"
沙田,新都V,3/P334,0.930,2018-02-09,"
"
沙田,欣廷,G/P47,1.140,2018-02-09,"
"
沙田,沙田第一城 第04期,G/232,0.743,2018-02-09,"
"
④澳,安花@,G/67,1.230,2018-02-09,"
"
④澳,安花@,G/67,1.230,2018-02-09,"
"
大埔,翠屏花@,B/P73,1.200,2018-02-09,"
"
荃,海I花@ 平台 C,L1/15,1.360,2018-02-09,"
"
天水,嘉湖山f 第07期 景湖居,B/244,1.288,2018-02-09,"
"
香港仔,海怡半u 第03期,P1/326,1.750,2018-02-09,"
"
西半山,富景花@,2/11,1.500,2018-02-09,"
"
荃,豪景花@ 第03期 停,4/137,0.600,2018-02-09,"
"
柴,杏花村,G/C146,2.600,2018-02-09,"
"
跑R地,仁安台,G/15,1.380,2018-02-09,"
"
R鞍山,新港城商 C.D座,1/41,1.450,2018-02-09,"
"
跑R地,荷塘苑,UG/16,0.005,2018-02-09,"
"
R鞍山,翠砣A庭,B3/161,1.610,2018-02-09,"
"
薄扶林,富R,G/25,1.300,2018-02-09,"
"
荃,N皇居,L3/28,0.800,2018-02-09,"
"
沙田,御山,G/R25,3.550,2018-02-09,"
"
荃,h宇海,L1/R2,1.540,2018-02-09,"
"
尖沙咀,漾日居,B3/194,1.780,2018-02-09,"
"
荃,昌泰工I大B,G/2,1.530,2018-02-09,"
"
大角咀,S港,G/G98,2.130,2018-02-09,"
"
西,傲{,-/3552C,2.000,2018-02-09,"
"
沙田,金{花@ 第02期,L4/33,0.990,2018-02-09,"
"
小西,富怡花@,2/206,1.350,2018-02-09,"
"
t|,S埔花@ 第02期,B2/381,1.970,2018-02-09,"
"
天水,嘉湖山f 第01期 泛居,B2/246,1.220,2018-02-09,"
"
大埔,大埔V,B/109,1.220,2018-02-09,"
"
L沙,泓景台,3/99,1.700,2018-02-09,"
"
大埔,帝琴 P弦居,B/431,0.792,2018-02-09,"
"
L沙,登豪庭,G/G6,0.438,2018-02-09,"
"
西,傲{,-/3359C,2.000,2018-02-09,"
"
九,晶花@物中心,5/5004,1.390,2018-02-08,"
"
九,⒌1 第02期 停,B/98,3.060,2018-02-08,"
"
九,⒌1 第02期 停,B/34,3.030,2018-02-08,"
"
R鞍山,雅苑,B2/337,1.150,2018-02-08,"
"
{田,d田村,C/C12,0.850,2018-02-08,"
"
西,傲{,-/3158C,2.200,2018-02-08,"
"
荃,爵庭,3/96,1.850,2018-02-08,"
"
九,⒌1 第02期 停,B/30,2.930,2018-02-08,"
"
屯T,恒S@,LG/A148,0.580,2018-02-08,"
"
荃,荃威花@,L1/2,1.120,2018-02-08,"
"
天水,嘉湖山f 第06期 美湖居,B/144,1.230,2018-02-08,"
"
九,⒌1 第01期 停,B/P85,3.080,2018-02-08,"
"
沙田,金{花@ 第02期,L4/104,1.000,2018-02-08,"
"
沙田,嘉御山,B/13,0.290,2018-02-08,"
"
大埔,湖花@,B/83,1.290,2018-02-08,"
"
{田,R景花@,L4/171,2.080,2018-02-08,"
"
大埔,翠屏花@,B/P18,1.100,2018-02-08,"
"
大埔,翠屏花@,B/P67,1.020,2018-02-08,"
"
沙田,瑞峰花@,G/68,2.500,2018-02-08,"
"
九,⒌1 第02期 停,B/34,3.030,2018-02-08,"
"
西,傲{,-/3721B,1.600,2018-02-08,"
"
元朗,金碧花@,-/4,0.600,2018-02-08,"
"
西,傲{,-/3426C,2.000,2018-02-08,"
"
薄扶林,沙 第06期,L8/M32,0.290,2018-02-08,"
"
上水,奕翠@,P/758,0.460,2018-02-08,"
"
沙田,沙田第一城 第04期,1/172,1.020,2018-02-08,"
"
沙田,沙田第一城 第04期,G/217,1.202,2018-02-08,"
"
沙田,沙田第一城 第05期,1/211,0.780,2018-02-08,"
"
九,⒌1 第01期 停,B/P75,2.940,2018-02-08,"
"
沙田,新都V,"3/P350,P351",1.860,2018-02-08,"
"
九,⒌1 第01期 停,B/P81,2.990,2018-02-08,"
"
九,⒌1 第02期 停,B/30,2.930,2018-02-08,"
"
沙田,沙田中心,L1/200,0.920,2018-02-08,"
"
屯T,美坊@,B2/452,0.780,2018-02-08,"
"
荔枝角,美孚新村 3期,G/210,1.390,2018-02-08,"
"
|涌,|堤撑 停 北翼,P1/D18,1.850,2018-02-08,"
"
九,⒌1 第02期 停,B/35,3.030,2018-02-08,"
"
九塘,嘉林道11,B/P16,3.300,2018-02-08,"
"
九,⒌1 第01期 停,B/P85,3.080,2018-02-08,"
"
九塘,傲名,B/P6,2.900,2018-02-08,"
"
匙,壹h,-/C11,2.200,2018-02-08,"
"
九,⒌1 第02期 停,B/3,2.990,2018-02-08,"
"
沙田,沙田第一城中心,2/43,1.280,2018-02-08,"
"
荃,豪景花@ 第03期 停,1/120,0.630,2018-02-08,"
"
L沙,泓景台,2/276,1.850,2018-02-08,"
"
九,⒌1 第02期 停,B/36,3.030,2018-02-08,"
"
沙田,沙田第一城中心,2/259,1.295,2018-02-08,"
"
沙田,沙田第一城y城商,2/238,1.200,2018-02-08,"
"
沙田,沙田第一城 第04期,G/48,1.147,2018-02-08,"
"
尖沙咀,擎天半u,1/123,2.380,2018-02-08,"
"
S大仙,F崇山,4/P31,1.850,2018-02-08,"
"
油塘,港城 第04期,B/406,2.050,2018-02-08,"
"
R鞍山,迎海 第01期,B/R12,2.180,2018-02-08,"
"
西,傲{,-/3986D,1.900,2018-02-08,"
"
西,傲{,-/3985D,1.900,2018-02-08,"
"
西,傲{,-/3983D,1.900,2018-02-08,"
"
西,傲{,-/3122C,2.000,2018-02-08,"
"
西,傲{,-/3123C,2.200,2018-02-08,"
"
西半山,富景花@,G/21,1.580,2018-02-08,"
"
北角,傲,3/14,2.000,2018-02-08,"
"
西,傲{,-/3723B,1.600,2018-02-08,"
"
荃,海台,UG/P41,1.089,2018-02-08,"
"
④澳,峻] II,1/R162,1.806,2018-02-08,"
"
九,⒌1 第01期 停,B/P73,3.230,2018-02-07,"
"
九,⒌1 第01期 停,B/P73,3.230,2018-02-07,"
"
九,⒌1 第01期 停,B/P87,3.080,2018-02-07,"
"
九,⒌1 第01期 停,B/P69,2.850,2018-02-07,"
"
九,⒌1 第01期 停,B/P82,3.020,2018-02-07,"
"
九,⒌1 第01期 停,B/P84,3.080,2018-02-07,"
"
屯T,兆麟苑 第02期,3/218,0.730,2018-02-07,"
"
屯T,兆麟苑 第02期,G/26,0.900,2018-02-07,"
"
九,⒌1 第01期 停,B/P88,3.020,2018-02-07,"
"
九,⒌1 第01期 停,B/P67,2.940,2018-02-07,"
"
九,⒌1 第02期 停,B/33,3.030,2018-02-07,"
"
九,⒌1 第02期 停,B/M3,0.070,2018-02-07,"
"
九,⒌1 第02期 停,B/64,2.990,2018-02-07,"
"
九,⒌1 第02期 停,B/67,3.030,2018-02-07,"
"
九,⒌1 第02期 停,B/105,2.650,2018-02-07,"
"
九,⒌1 第02期 停,B/M5,0.070,2018-02-07,"
"
九,⒌1 第02期 停,B/4,3.090,2018-02-07,"
"
屯T,兆麟苑 第02期,3/217,0.750,2018-02-07,"
"
屯T,兆麟苑 第02期,1/107,0.850,2018-02-07,"
"
屯T,兆麟苑 第02期,1/74,0.850,2018-02-07,"
"
④澳,S景撑,LG3/290,1.900,2018-02-07,"
"
④澳,清水嘲u,B1/P109,1.310,2018-02-07,"
"
屯T,S景@,G/A41,0.970,2018-02-07,"
"
屯T,翠林花@,L3/98,1.130,2018-02-07,"
"
屯T,康德花@,1/121,1.020,2018-02-07,"
"
新蒲,康景,5/83,1.070,2018-02-07,"
"
沙田,E景@,G/C084,1.535,2018-02-07,"
"
沙田,B花@,R/289,1.200,2018-02-07,"
"
沙田,帝堡城,L2/P65,1.030,2018-02-07,"
"
沙田,金{花@ 第02期,L4/85,1.000,2018-02-07,"
"
沙田,金{花@ 第02期,L4/98,1.110,2018-02-07,"
"
沙田,新都V,3/P332,0.930,2018-02-07,"
"
粉X,蔚翠花@,G/11,0.760,2018-02-07,"
"
沙田,新都V,3/P352,9.098,2018-02-07,"
"
沙田,新都V,3/P342,0.930,2018-02-07,"
"
沙田,碧花@ 第02期,G/205,0.760,2018-02-07,"
"
屯T,慧S@,G/A388,4.000,2018-02-07,"
"
屯T,景峰豪庭,L1/248,0.600,2018-02-07,"
"
九,⒌1 第02期 停,B/96,2.930,2018-02-07,"
"
九,⒌1 第01期 停,B/P88,3.020,2018-02-07,"
"
香港仔,深耻,3/C43,2.300,2018-02-07,"
"
西半山,殷寤@ 第02期,L10/123,1.455,2018-02-07,"
"
元朗,朗怡居,B/33,0.680,2018-02-07,"
"
元朗,尚城,B/274,1.056,2018-02-07,"
"
跑R地,W花@,G/2,2.000,2018-02-07,"
"
元朗,采~庭,B/D4,1.050,2018-02-07,"
"
f~涌,惠安苑,G/25,1.300,2018-02-07,"
"
荃,豪景花@ 第03期 停,1/25,0.620,2018-02-07,"
"
荃,豪景花@ 第02期 停,1/35,0.650,2018-02-07,"
"
荃,荃景花@,2/71,1.370,2018-02-07,"
"
荃,立坊,1/P108,1.430,2018-02-07,"
"
荃,h宇海,L1/R10,1.580,2018-02-07,"
"
何文田,常富街1,B1/71,3.200,2018-02-07,"
"
f~涌,逸意居,LG1/P25,1.700,2018-02-07,"
"
L沙,登豪庭,B/B95,0.560,2018-02-07,"
"
沙田,B花@,R/276,1.200,2018-02-07,"
"
西,傲{,-/3939D,2.200,2018-02-07,"
"
④澳,海豪@,B/45,1.610,2018-02-07,"
"
④澳,海豪@,B/45,1.610,2018-02-07,"
"
④澳,S景撑,LG1/91,1.990,2018-02-07,"
"
柴,反涮,D5/4,1.000,2018-02-07,"
"
{田,R景花@,L5/CP176,2.200,2018-02-06,"
"
{田,d田村,B/B31,1.100,2018-02-06,"
"
荔枝角,美孚新村 4期,1/289,1.560,2018-02-06,"
"
荔枝角,美孚新村 3期,UL/490,1.570,2018-02-06,"
"
^塘,皇廷V,1/P3,1.695,2018-02-06,"
"
九,⒌1 第02期 停,B/9,3.080,2018-02-06,"
"
九,⒌1 第01期 停,B/P70,2.940,2018-02-06,"
"
九,⒌1 第01期 停,B/P63,2.940,2018-02-06,"
"
尖沙咀,擎天半u,5/25,2.250,2018-02-06,"
"
土瓜,A庭,2/P2,1.400,2018-02-06,"
"
|涌,|堤撑 停 北翼,P1/D10,1.650,2018-02-06,"
"
|涌,|h 第01期,B/1122,1.320,2018-02-06,"
"
|涌,映@,B/254,1.600,2018-02-06,"
"
沙田,碧霞花@,L1/43,0.460,2018-02-06,"
"
沙田,金{花@ 第02期,L4/115,1.063,2018-02-06,"
"
沙田,玖山,B/B067,3.980,2018-02-06,"
"
沙田,碧霞花@,B/97,0.420,2018-02-06,"
"
R鞍山,迎海 第04期 E岸,B/R504,2.199,2018-02-06,"
"
粉X,川田工QV,5/P4,1.500,2018-02-06,"
"
九,⒌1 第01期 停,B/P79,2.940,2018-02-06,"
"
大埔,翡翠花@,L1/135,0.630,2018-02-06,"
"
大埔,湖花@,B/51,1.280,2018-02-06,"
"
大埔,富R花@,2/P03,0.820,2018-02-06,"
"
屯T,春和海景花@,UG/31,0.600,2018-02-06,"
"
屯T,⒇S@,2/109,0.970,2018-02-06,"
"
荃,h宇海,L3/R89,1.420,2018-02-06,"
"
荃,h宇海,L3/R90,1.420,2018-02-06,"
"
荃,立坊,5/P515,1.640,2018-02-06,"
"
元朗,朗晴居,B/41,0.772,2018-02-06,"
"
元朗,朗晴居,B/41,0.772,2018-02-06,"
"
青衣,景,L1/138,2.260,2018-02-06,"
"
青衣,景,L2/128,2.260,2018-02-06,"
"
青衣,青怡花@,B/81,1.380,2018-02-06,"
"
青衣,苑@,L1/P58,0.670,2018-02-06,"
"
荃,都花@,G/174,1.290,2018-02-06,"
"
荃,都花@,G/149,1.300,2018-02-06,"
"
荃,豪景花@ 第01期 停,4/574,0.680,2018-02-06,"
"
屯T,慧S@,G/A437,0.710,2018-02-06,"
"
④澳,④澳V,B1/P159,2.350,2018-02-06,"
"
尖沙咀,擎天半u,2/92,2.870,2018-02-06,"
"
何文田,半山壹,5/P277,2.468,2018-02-06,"
"
何文田,P旋居,3/P2,1.550,2018-02-06,"
"
f~涌,御皇台,1/2,1.770,2018-02-06,"
"
何文田,怡安w,4/215,1.200,2018-02-06,"
"
西半山,俊t花@,3/14,2.150,2018-02-06,"
"
中半山,慧豪w,L6/P18,1.180,2018-02-06,"
"
f~涌,南S新村,LG2/172,1.245,2018-02-06,"
"
九,⒌1 第02期 停,B/5,3.090,2018-02-06,"
"
九,⒌1 第01期 停,B/P64,3.290,2018-02-06,"
"
九,⒌1 第01期 停,B/P72,2.940,2018-02-06,"
"
元朗,菁雅居,-/3,0.558,2018-02-06,"
"
荃,朗逸峰 第02期,3/P751,0.800,2018-02-06,"
"
荃,碧堤半u,L8/R8063,0.820,2018-02-06,"
"
天水,嘉湖山f 第02期 p湖居,LG/114,1.228,2018-02-06,"
"
上水,S花@,L2/28,1.590,2018-02-05,"
"
沙田,富豪花@,L1/642,0.610,2018-02-05,"
"
尖沙咀,漾日居,2/173,1.900,2018-02-05,"
"
④澳,南SV,B/A103,1.680,2018-02-05,"
"
九,⒌1 第01期 停,B/P77,2.940,2018-02-05,"
"
九,⒌1 第02期 停,B/32,3.030,2018-02-05,"
"
九,⒌1 第02期 停,B/M6,0.070,2018-02-05,"
"
九,⒌1 第02期 停,B/65,2.990,2018-02-05,"
"
九,⒌1 第02期 停,B/63,2.990,2018-02-05,"
"
牛池,威豪花@,L2/20,1.530,2018-02-05,"
"
屯T,景峰花@,RF/R01,0.600,2018-02-05,"
"
屯T,美坊@,B1/127,0.770,2018-02-05,"
"
{田,d田村,A/A26,0.960,2018-02-05,"
"
{田,d田村,B/B5,0.930,2018-02-05,"
"
元朗,怡S花@,1/30,1.380,2018-02-05,"
"
石尾,又一居 停 B^,L1/159,1.350,2018-02-05,"
"
石尾,又一居 停 B^,L2/208,1.188,2018-02-05,"
"
新蒲,康景,4/78,1.450,2018-02-05,"
"
④澳,清水嘲u,1/P68,1.180,2018-02-05,"
"
上水,奕翠@,L2/713,0.620,2018-02-05,"
"
何文田,皓畋,LG/150,3.500,2018-02-05,"
"
薄扶林,AF村,LG1/80,1.220,2018-02-05,"
"
天水,嘉湖山f 第02期 p湖居,LG/48,1.250,2018-02-05,"
"
荃,豪景花@ 第01期 停,3/492,0.700,2018-02-05,"
"
大埔,翠屏花@,B/P25,1.210,2018-02-05,"
"
九,⒌1 第01期 停,B/PM10,0.070,2018-02-05,"
"
九,⒌1 第01期 停,B/P76,2.940,2018-02-05,"
"
④澳,君傲,L2/R176,1.890,2018-02-05,"
"
油麻地,君U峰,L3/7,2.850,2018-02-05,"
"
沙田,I景花@,1/19,0.780,2018-02-05,"
"
粉X,蔚翠花@,B/164,0.690,2018-02-05,"
"
沙田,沙田第一城 第04期,1/105,0.960,2018-02-05,"
"
葵涌,A景山f,2/R50,0.850,2018-02-05,"
"
葵涌,A景山f,2/R84,0.820,2018-02-05,"
"
葵涌,A景山f,UC/144,0.700,2018-02-05,"
"
R鞍山,迎海 第01期,B/R19,2.480,2018-02-05,"
"
沙田,帝堡城,L2/P28,0.990,2018-02-05,"
"
沙田,B花@,-/34,1.330,2018-02-05,"
"
R鞍山,雅苑,B2/22,1.200,2018-02-05,"
"
R鞍山,雅苑,B1/180,1.130,2018-02-05,"
"
九,⒌1 第01期 停,B/P86,3.080,2018-02-05,"
"
九,⒌1 第01期 停,B/PM9,0.070,2018-02-05,"
"
九,⒌1 第01期 停,B/P71,2.940,2018-02-05,"
"
九,⒌1 第01期 停,B/P62,3.080,2018-02-05,"
"
九,⒌1 第01期 停,B/P65,2.910,2018-02-05,"
"
柴,永利中心,3/16,1.100,2018-02-05,"
"
九,⒌1 第01期 停,B/P78,2.970,2018-02-05,"
"
九,⒌1 第01期 停,B/P61,3.080,2018-02-05,"
"
九,⒌1 第01期 停,B/P44,2.650,2018-02-05,"
"
L沙,泓景台,1/10,1.998,2018-02-05,"
"
北角,ノ拇B,G/1,0.500,2018-02-05,"
"
大埔,翠屏花@,B/P24,1.210,2018-02-05,"
"
t|,海逸豪@ 玉庭,B2/32,2.680,2018-02-05,"
"
天水,嘉湖山f 第06期 美湖居,B/211,1.310,2018-02-05,"
"
匙,三湘大B,12/CS,120.000,2018-02-05,"
"
f~涌,新威@,"2/109,109A",1.750,2018-02-05,"
"
何文田,嘉@,G/28,1.250,2018-02-05,"
"
何文田,皓畋,LG/155,3.500,2018-02-05,"
"
何文田,皓畋,LG/151,3.500,2018-02-05,"
"
元朗,御豪山f,B/310,0.600,2018-02-02,"
"
元朗,蝶翠峰 第01期,1/110,1.400,2018-02-02,"
"
屯T,美坊@,B2/220,0.775,2018-02-02,"
"
屯T,帝,B2/344,1.190,2018-02-02,"
"
屯T,置坊@,-/57,0.720,2018-02-02,"
"
葵涌,美A工I大B,1/15,1.000,2018-02-02,"
"
④澳,都k,L3/4,1.888,2018-02-02,"
"
R鞍山,翠砣A庭,B3/315,1.670,2018-02-02,"
"
R鞍山,翠砣A庭,B3/315,1.670,2018-02-02,"
"
上水,奕翠@,P/818,0.590,2018-02-02,"
"
沙田,富豪花@,B/1119,0.770,2018-02-02,"
"
沙田,富豪花@,B1/676,0.820,2018-02-02,"
"
沙田,帝堡城,L1/P103,1.030,2018-02-02,"
"
沙田,沙田第一城y城商,3/11,1.300,2018-02-02,"
"
沙田,沙田第一城 第04期,G/126,0.780,2018-02-02,"
"
沙田,沙田第一城 第04期,G/62,0.880,2018-02-02,"
"
沙田,y禧花@,1/250,1.880,2018-02-02,"
"
|涌,映@,B/225,1.620,2018-02-02,"
"
④澳,富康花@,2/211,1.300,2018-02-02,"
"
元朗,朗怡居,G/59,0.680,2018-02-02,"
"
西半山,翡翠@,G/28,2.000,2018-02-02,"
"
荔枝角,美孚新村 6期,-/35,1.300,2018-02-02,"
"
^塘,金@,3/22,0.838,2018-02-02,"
"
L沙,泓景台,2/19,1.761,2018-02-02,"
"
{田,d田村,A/A29,0.970,2018-02-02,"
"
f~涌,南S新村,LG2/172,1.245,2018-02-02,"
"
葵涌,香港毛工I大B,UG/29,0.650,2018-02-02,"
"
葵涌,葵d工I大B,B/15,1.150,2018-02-02,"
"
屯T,~美海,G/A0068,0.775,2018-02-02,"
"
屯T,屯T柏V,LB2/C325,0.980,2018-02-02,"
"
屯T,屯T柏V,B2/C258,1.100,2018-02-02,"
"
屯T,怡峰@,C1/C17,0.740,2018-02-02,"
"
大埔,新峰花@ 第02期,B1/103,0.660,2018-02-02,"
"
天水,嘉湖山f 第01期 泛居,B2/60,1.198,2018-02-02,"
"
荃,荃威花@,L4/198,0.930,2018-02-02,"
"
荃,荃威花@,L4/165,0.950,2018-02-02,"
"
荃,h宇海,L1/R58,1.540,2018-02-02,"
"
荃,海I花@ 平台 C,L1/75,1.398,2018-02-02,"
"
青衣,苑@,L1/P18,0.680,2018-02-02,"
"
元朗,御豪山f,G/77,0.680,2018-02-02,"
"
九,⒌1 第01期 停,B/P74,2.940,2018-02-02,"
"
大角咀,P帆,2/43,1.868,2018-02-02,"
"
油塘,港城 第03期,UG/148,2.080,2018-02-02,"
"
大角咀,柏景,G/177,2.530,2018-02-02,"
"
西半山,富景花@,1/1,1.480,2018-02-02,"
"
粉X,G悠,L1/C94,1.500,2018-02-02,"
"
油塘,港城 第04期,B/229,2.000,2018-02-02,"
"
S大仙,新光中心,1/P31,906.000,2018-02-02,"
"
薄扶林,薄扶林花@,LG3/83,1.280,2018-02-02,"
"
九,⒌1 第01期 停,B/P66,2.850,2018-02-02,"
"
九,⒌1 第01期 停,B/P89,3.170,2018-02-02,"
"
何文田,半山壹,3/P183,2.500,2018-02-02,"
"
荃,碧堤半u,L7/R7092,0.880,2018-02-01,"
"
荃,朗逸峰 第01期,7/P541,0.660,2018-02-01,"
"
荃,h宇海,L1/R22,1.580,2018-02-01,"
"
荃,R,L5/P96,7.000,2018-02-01,"
"
荃,豪景花@ 第03期 停,4/125,0.615,2018-02-01,"
"
荃,豪景花@ 第03期 停,1/62,0.500,2018-02-01,"
"
荃,海I花@ 平台 C,G/53,1.550,2018-02-01,"
"
荃,荃\工I中心 第02期,G/3,1.148,2018-02-01,"
"
屯T,T居,1/32,0.850,2018-02-01,"
"
屯T,彩花@,B/104,1.050,2018-02-01,"
"
沙田,御山,1/R154,3.500,2018-02-01,"
"
沙田,I景花@,1/10,0.850,2018-02-01,"
"
④澳,都k,L1/67,1.780,2018-02-01,"
"
④澳,安花@,G/115,1.100,2018-02-01,"
"
④澳,清水嘲u,2/1,1.480,2018-02-01,"
"
④澳,清水嘲u,2/1,1.480,2018-02-01,"
"
④澳,峻],G/123,1.680,2018-02-01,"
"
④澳,峻] II,1/R7,1.838,2018-02-01,"
"
屯T,彩花@,B/105,1.050,2018-02-01,"
"
元朗,四季雅苑,-/P157,0.390,2018-02-01,"
"
R鞍山,海典,G/60,1.320,2018-02-01,"
"
沙田,富豪花@,L1/355,0.670,2018-02-01,"
"
沙田,帝堡城,L1/P233,0.980,2018-02-01,"
"
沙田,帝堡城,L1/P150,1.000,2018-02-01,"
"
沙田,沙田第一城 第05期,1/13,1.040,2018-02-01,"
"
{田,d田村,C/C6,0.958,2018-02-01,"
"
{田,d田村,A/A37,1.000,2018-02-01,"
"
t|,S埔新村 M-Q座,G/41,1.450,2018-02-01,"
"
t|,S埔新村 M-Q座,G/42,1.450,2018-02-01,"
"
九,⒌1,B/P84,3.080,2018-02-01,"
"
九,⒌1,B/P69,2.850,2018-02-01,"
"
九,晶花@物中心,7/7119,1.280,2018-02-01,"
"
九塘,星x豪庭,B2/29,2.200,2018-02-01,"
"
^塘,一代V,6/P17,2.200,2018-02-01,"
"
^塘,I\工I大B,G/L3,2.400,2018-02-01,"
"
荔枝角,美孚新村 8期,3/866,1.350,2018-02-01,"
"
沙田,金{花@ 第02期,L1/89,1.380,2018-02-01,"
"
沙田,金{花@ 第02期,L1/98,1.380,2018-02-01,"
"
沙田,新都V,3/P332,0.930,2018-02-01,"
"
大埔,股,B/P277,1.900,2018-02-01,"
"
北角,光超台,LG2/25,1.750,2018-02-01,"
"
石尾,又一居 停 第21-25座,CP2/39,1.250,2018-02-01,"
"
大角咀,柏景,G/25,2.700,2018-02-01,"
"
R鞍山,迎海 第01期,B/R25,2.358,2018-02-01,"
"
R鞍山,迎海 第01期,B/R26,2.133,2018-02-01,"
"
葵涌,AI工I大B B座,G/L9,1.360,2018-01-30,"
"
粉X,G悠,L2/C82,1.550,2018-01-30,"
"
S大仙,F崇山,2/P4,1.800,2018-01-30,"
"
尖沙咀,南洋中心,B/P72,207.951,2018-01-30,"
"
尖沙咀,|海商I中心,B2/33,2.900,2018-01-30,"
"
新蒲,康景,5/39,0.830,2018-01-30,"
"
石尾,又一居 停 第21-25座,CP2/61,1.200,2018-01-30,"
"
石尾,又一居 停 第21-25座,CP2/6,1.238,2018-01-30,"
"
荔枝角,美孚新村 8期,-/1048,1.178,2018-01-30,"
"
荔枝角,美孚新村 8期,3/882,1.330,2018-01-30,"
"
荔枝角,美孚新村 2期,G/158,1.800,2018-01-30,"
"
^塘,月明,G/33,0.080,2018-01-30,"
"
九,⒌1,B/P87,3.080,2018-01-30,"
"
L沙,泓景台,3/98,1.750,2018-01-30,"
"
匙,V生行大B A座,B/5,2.000,2018-01-30,"
"
匙,V生行大B A座,B/9,2.000,2018-01-30,"
"
匙,V生行大B A座,B/8,1.480,2018-01-30,"
"
f~涌,御皇台,1/14,1.810,2018-01-30,"
"
跑R地,山光苑,-/211,1.388,2018-01-30,"
"
跑R地,安R大B,-/21,1.800,2018-01-30,"
"
屯T,韶S花@,G/142,0.775,2018-01-30,"
"
|涌,NC,B/A445,0.800,2018-01-30,"
"
|涌,{天海岸 第01期,B/279,1.800,2018-01-30,"
"
|涌,映@ 第06期,B2/B144,1.550,2018-01-30,"
"
沙田,E景@,G/E163,1.680,2018-01-30,"
"
沙田,E景@,L1/C159,1.550,2018-01-30,"
"
沙田,E景@,L1/C158,1.550,2018-01-30,"
"
沙田,I景花@,1/208,0.790,2018-01-30,"
"
沙田,I景花@,1/300,0.790,2018-01-30,"
"
沙田,碧花@,LG/171,0.825,2018-01-30,"
"
沙田,金豪工I大B 第02座,G/6,2.380,2018-01-30,"
"
沙田,名城 第03期 盛世,CP/R383,2.480,2018-01-30,"
"
沙田,沙田第一城 第05期,1/216,0.798,2018-01-30,"
"
沙田,沙田第一城 第04期,1/202,1.000,2018-01-30,"
"
沙田,全x中心,"L2/50,51",1.590,2018-01-30,"
"
沙田,帝堡城,L1/P351,1.030,2018-01-30,"
"
R鞍山,雅苑,B1/25,1.122,2018-01-30,"
"
R鞍山,新港城商 C.D座,1/13,1.550,2018-01-30,"
"
R鞍山,富花@,5/5121,1.230,2018-01-30,"
"
R鞍山,富安花@ 停 16^,G/3,1.080,2018-01-30,"
"
青衣,景,L4/35,1.900,2018-01-30,"
"
荃,豪景花@ 第03期 停,2/174,0.560,2018-01-30,"
"
荃,豪景花@ 第01期 停,3/463,0.610,2018-01-30,"
"
荃,豪景花@ 第01期 停,4/658,0.710,2018-01-30,"
"
荃,h宇海,L3/R48,1.420,2018-01-30,"
"
荃,碧堤半u,L3/R3267,0.848,2018-01-30,"
"
荃,碧堤半u,L5/R5325,1.010,2018-01-30,"
"
荃,尘盎@,LG1/89,330.000,2018-01-30,"
"
荃,荃威花@,L5/83,0.950,2018-01-30,"
"
大埔,湖花@,B/3,1.980,2018-01-30,"
"
屯T,⒇S@,2/73,0.940,2018-01-30,"
"
屯T,彩A花@,G/32,0.860,2018-01-30,"
"
屯T,慧景w,G/M4,0.252,2018-01-30,"
"
屯T,ゾ盎@,1/25,1.030,2018-01-30,"
"
屯T,富健花@,3/103,0.790,2018-01-30,"
"
R鞍山,翠砣A庭,B1/138,1.690,2018-01-29,"
"
R鞍山,y湖天峰,L1/B10,2.500,2018-01-29,"
"
葵涌,N柏山,M2/P42,1.510,2018-01-29,"
"
油塘,港城 第04期,B/1,1.670,2018-01-29,"
"
油塘,港城 第04期,B/249,1.680,2018-01-29,"
"
尖沙咀,漾日居,1/1,2.000,2018-01-29,"
"
新蒲,采U花@,2/60,1.400,2018-01-29,"
"
石尾,又一居 停 B^,L1/160,1.388,2018-01-29,"
"
石尾,又一居 停 B^,L1/160,1.388,2018-01-29,"
"
{田,R景花@,L4/171,2.080,2018-01-29,"
"
九,⒌1,B/P82,3.020,2018-01-29,"
"
九,⒌1,B/P64,3.290,2018-01-29,"
"
t|,海逸豪@ 玉庭,B1/34,2.580,2018-01-29,"
"
小西,富怡花@,3/342,1.270,2018-01-29,"
"
筲箕,鄣,8/832,0.600,2018-01-29,"
"
北角,城市花@,L1/27,2.280,2018-01-29,"
"
西半山,承德山f,7/7,1.380,2018-01-29,"
"
阅岬爻,景大B,1/101,1.450,2018-01-29,"
"
阅岬爻,景大B,1/101,1.450,2018-01-29,"
"
跑R地,诽旆,5/526,3.200,2018-01-29,"
"
天水,慧景,G/R118,1.180,2018-01-29,"
"
大埔,翠屏花@,B/P77,1.045,2018-01-29,"
"
大埔,翠屏花@,B/P91,1.045,2018-01-29,"
"
大埔,翠屏花@,B/P68,0.970,2018-01-29,"
"
屯T,屯T柏V,B2/C277,0.990,2018-01-29,"
"
屯T,矍俸０,B2/247,0.970,2018-01-29,"
"
屯T,矍俸０,B2/165,1.000,2018-01-29,"
"
屯T,矍俸０,B1/C31,1.090,2018-01-29,"
"
④澳,日出康城 第02期 I都,L3/799,2.000,2018-01-29,"
"
④澳,日出康城 第02期 I都,L3/621,2.000,2018-01-29,"
"
④澳,日出康城 第02期 I都,L2/551,2.210,2018-01-29,"
"
④澳,新城,G/P36,1.820,2018-01-29,"
"
|涌,映@ 第06期,B1/C381,1.350,2018-01-29,"
"
|涌,映@ 第06期,B1/C288,1.350,2018-01-29,"
"
沙田,E景@,L1/C158,1.550,2018-01-29,"
"
沙田,E景@,L1/C159,1.550,2018-01-29,"
"
沙田,沙田第一城 第05期,G/56,0.950,2018-01-29,"
"
沙田,沙田第一城 第05期,1/85,0.900,2018-01-29,"
"
沙田,富豪花@,L1/503,0.600,2018-01-29,"
"
R鞍山,富花@,3/3086,1.250,2018-01-29,"
"
元朗,菁雅居,-/3,0.558,2018-01-29,"
"
荃,f景峰,2/R129,2.550,2018-01-29,"
"
荃,都花@,G/172,1.290,2018-01-29,"
"
荃,豪景花@ 第03期 停,4/66,0.600,2018-01-29,"
"
荃,h宇海,L3/R49,1.420,2018-01-29,"
"
荃,h宇海,L3/R29,1.420,2018-01-29,"
"
荃,h宇海,L3/R23,1.420,2018-01-29,"
"
荃,h宇海,L1/R47,1.540,2018-01-29,"
"
荃,h宇海,L1/R50,1.540,2018-01-29,"
"
新蒲,采U花@,6/44,0.700,2018-01-26,"
"
石尾,又一居 停 B^,L2/298,1.000,2018-01-26,"
"
牛^角,宏光,1/33,1.200,2018-01-26,"
"
荔枝角,美孚新村 2期,G/221,1.495,2018-01-26,"
"
^塘,巧\工I大B,G/P4,1.980,2018-01-26,"
"
九,⒌1,B/P89,3.170,2018-01-26,"
"
何文田,半山壹,5/P98,3.000,2018-01-26,"
"
t|,海逸豪@ 玉庭,B3/30,2.900,2018-01-26,"
"
匙,尚N峰,2/15,2.190,2018-01-26,"
"
匙,尚N峰,2/15,2.190,2018-01-26,"
"
上h,S烽w,LG/128,1.550,2018-01-26,"
"
筲箕,|熹苑,U/U20,1.200,2018-01-26,"
"
f~涌,富景w,G/2,1.250,2018-01-26,"
"
f~涌,富景w,G/2,1.250,2018-01-26,"
"
薄扶林,沙,L3/333,2.450,2018-01-26,"
"
北角,A健大B,1/72,0.355,2018-01-26,"
"
北角,城市花@商,L2/30,2.430,2018-01-26,"
"
北角,城市花@,L1/27,2.280,2018-01-26,"
"
跑R地,比A利山,3/142,5.453,2018-01-26,"
"
柴,永利中心,4/19,1.180,2018-01-26,"
"
大埔,太湖花@,B/279,1.240,2018-01-26,"
"
大埔,天x海,B/C161,3.000,2018-01-26,"
"
大埔,翠屏花@,B/P49,1.030,2018-01-26,"
"
大埔,翠屏花@,B/P13,1.050,2018-01-26,"
"
大埔,翠屏花@,B/P12,1.050,2018-01-26,"
"
屯T,屯T柏V,B2/C279,0.980,2018-01-26,"
"
屯T,屯T柏V,B2/C279,0.980,2018-01-26,"
"
屯T,兆麟苑 第02期,2/148,0.780,2018-01-26,"
"
屯T,景峰花@,2/229,0.750,2018-01-26,"
"
沙田,金{花@ 第02期,L4/23,1.000,2018-01-26,"
"
沙田,金{花@ 第01期,L3/79,1.050,2018-01-26,"
"
沙田,沙田第一城 第04期,G/113,1.090,2018-01-26,"
"
沙田,沙田第一城y城商,3/124,1.260,2018-01-26,"
"
沙田,沙田第一城y城商,3/204,1.280,2018-01-26,"
"
沙田,沙田第一城y城商,3/191,1.270,2018-01-26,"
"
沙田,帝堡城,L1/P305,1.010,2018-01-26,"
"
上水,奕翠@,P/752,0.590,2018-01-26,"
"
油塘,港城 第03期,G/63,2.035,2018-01-26,"
"
尖沙咀,P旋T,B1/4,4.200,2018-01-26,"
"
深水,丰R,B/55,1.600,2018-01-26,"
"
元朗,溱柏,-/72,1.390,2018-01-26,"
"
元朗,朗晴居,B/405,0.820,2018-01-26,"
"
荃,豪景花@ 第03期 停,3/110,0.632,2018-01-26,"
"
荃,豪景花@ 第03期 停,2/123,0.655,2018-01-26,"
"
荃,豪景花@ 第03期 停,4/47,0.656,2018-01-26,"
"
荃,豪景花@ 第02期 停,"G/43,44",1.230,2018-01-26,"
"
荃,豪景花@ 第01期 停,G/84,0.698,2018-01-26,"
"
荃,h宇海,L3/R37,1.420,2018-01-26,"
"
荃,城花@ 第03期,B3/65,1.120,2018-01-26,"
"
荃,碧堤半u,L5/R5322,1.020,2018-01-26,"
"
荃,碧堤半u,L7/R7292,0.810,2018-01-26,"
"
天水,嘉湖山f 第06期 美湖居,B/151,1.200,2018-01-26,"
"
天水,嘉湖山f 第05期 湖居,B/86,1.250,2018-01-26,"
"
天水,嘉湖山f 第05期 湖居,B/68,1.250,2018-01-26,"
"
天水,嘉湖山f 第01期 泛居,B2/247,1.150,2018-01-26,"
"
薄扶林,置富花@,L2/153,1.150,2018-01-25,"
"
上水,御皇庭,G/28,1.200,2018-01-25,"
"
大角咀,S港,G/G119,2.040,2018-01-25,"
"
上水,奕翠@,L2/725,0.590,2018-01-25,"
"
青衣,苑@,L1/P209,0.655,2018-01-25,"
"
荃,海盛路11,3/P51,1.750,2018-01-25,"
"
荃,豪景花@ 第03期 停,G/92,0.598,2018-01-25,"
"
沙田,沙田第一城中心,2/188,1.150,2018-01-25,"
"
屯T,瑜翠@,CP2/67,0.688,2018-01-25,"
"
荃,居,1/P10,1.800,2018-01-25,"
"
屯T,恒@,L3/8,0.900,2018-01-25,"
"
f~涌,景 第04期,LG/37,1.800,2018-01-25,"
"
沙田,沙田第一城 第04期,1/202,1.000,2018-01-25,"
"
|涌,映@ 第06期,B1/C376,1.350,2018-01-25,"
"
f~涌,御皇台,2/17,1.690,2018-01-25,"
"
屯T,ゾ盎@,1/100,0.950,2018-01-25,"
"
大埔,天x海 海,B2/P124,2.170,2018-01-25,"
"
S竹坑,深9,B4/60,3.300,2018-01-25,"
"
上水,S花@,L2/29,1.480,2018-01-25,"
"
石尾,又一居 停 第21-25座,CP2/20,1.250,2018-01-25,"
"
天水,慧景,G/R212,1.230,2018-01-25,"
"
沙田,新都V,3/P333,0.930,2018-01-25,"
"
S大仙,F崇山,2/P44,1.800,2018-01-25,"
"
屯T,帝,B2/387,1.150,2018-01-25,"
"
沙田,河畔花@,L2/137,0.943,2018-01-25,"
"
阅岬爻,泓都 A停,2/18,2.280,2018-01-25,"
"
新蒲,采U花@,2/63,1.280,2018-01-25,"
"
④澳,至善街3,B/R053,2.000,2018-01-25,"
"
粉X,花都V,1/207,0.625,2018-01-25,"
"
元朗,n,B/8361,1.630,2018-01-25,"
"
元朗,n,B/8025,1.800,2018-01-25,"
"
新蒲,康景,5/68,1.200,2018-01-25,"
"
④澳,都k,L1/67,1.780,2018-01-25,"
"
④澳,南SV,B/A38,1.728,2018-01-25,"
"
荃,豪景花@ 第02期 停,2/131,0.650,2018-01-25,"
"
④澳,南SV,B/A38,1.728,2018-01-25,"
"
薄扶林,AF村,LG2/179,1.220,2018-01-25,"
"
f~涌,康怡花@ 停 B^,P2/77,1.100,2018-01-25,"
"
R鞍山,雅典居,L3/12,1.400,2018-01-24,"
"
沙田,金{花@ 第01期,L4/47,0.700,2018-01-24,"
"
沙田,金{花@ 第01期,L3/86,1.000,2018-01-24,"
"
荃,豪景花@ 第03期 停,G/104,0.590,2018-01-24,"
"
荃,豪景花@ 第03期 停,4/81,0.550,2018-01-24,"
"
荃,豪景花@ 第03期 停,4/68,0.580,2018-01-24,"
"
荃,豪景花@ 第03期 停,G/114,0.600,2018-01-24,"
"
④澳,盈花@,2/54,1.200,2018-01-24,"
"
④澳,盈花@,2/68,1.170,2018-01-24,"
"
沙田,金{花@ 第01期,L4/66,1.043,2018-01-24,"
"
④澳,都k,L3/104,1.880,2018-01-24,"
"
R鞍山,雅苑,B2/581,1.100,2018-01-24,"
"
沙田,沙田中心,L1/170,0.850,2018-01-24,"
"
上水,奕翠@,P/332,0.420,2018-01-24,"
"
屯T,ゾ盎@,G/9,1.020,2018-01-24,"
"
大埔,翠屏花@,B/P46,1.000,2018-01-24,"
"
④澳,慧安@,2/162,1.350,2018-01-24,"
"
f~涌,Am中心,1/P12,2.300,2018-01-24,"
"
沙田,富豪花@,L1/441,0.650,2018-01-24,"
"
新蒲,康景,2/23,1.280,2018-01-24,"
"
北角,渣A道98,1/P7,2.680,2018-01-24,"
"
葵涌,N柏山,M3/P10,1.510,2018-01-24,"
"
何文田,登巴道23,2/24,3.000,2018-01-24,"
"
t|,S埔花@ 第05期,B3/454,1.980,2018-01-24,"
"
屯T,兆麟苑 第01期,1/79,0.778,2018-01-24,"
"
t|,S埔花@ 第03期,B/48,1.850,2018-01-24,"
"
荃,城花@ 第03期,B2/454,1.386,2018-01-24,"
"
L沙,登豪庭,B/B76,0.360,2018-01-24,"
"
R鞍山,新港城商 C.D座,1/65,1.400,2018-01-24,"
"
葵涌,美工I大B,1/L24,1.250,2018-01-24,"
"
葵涌,捷工I大B,2/7,1.100,2018-01-24,"
"
天水,嘉湖山f 第01期 泛居,B2/164,1.160,2018-01-24,"
"
大埔,翠屏花@,B/P49,1.030,2018-01-24,"
"
大埔,翠屏花@,B/P11,1.050,2018-01-24,"
"
大埔,翠屏花@,B/P76,1.008,2018-01-24,"
"
屯T,怡峰@,C1/C12,0.695,2018-01-24,"
"
九塘,嘉福w,LG/34,1.420,2018-01-24,"
"
九,⒌1 第02期 停,B/15,2.790,2018-01-24,"
"
九,企IV 第03期,3/14,219.765,2018-01-24,"
"
L沙,泓景台,3/257,1.760,2018-01-24,"
"
元朗,四季雅苑,-/P166,0.365,2018-01-24,"
"
沙田,新都V,3/P340,0.780,2018-01-24,"
"
荃,荃景花@,G/114,1.550,2018-01-24,"
"
|涌,映@ 第06期,B1/C345,1.580,2018-01-24,"
"
香港仔,海怡V |翼,L1/35,1.550,2018-01-24,"
"
荃,豪景花@ 第03期 停,G/62,0.550,2018-01-24,"
"
沙田,新都V,"3/P350,P351",1.860,2018-01-24,"
"
柴,奋台,M/104,1.050,2018-01-24,"
"
沙田,御山,1/R139,3.300,2018-01-24,"
"
跑R地,诽旆,5/525,3.200,2018-01-24,"
"
荃,海盛路11,2/P26,1.870,2018-01-23,"
"
天水,嘉湖山f 第07期 景湖居,B/556,1.170,2018-01-23,"
"
荔枝角,美孚新村 7期,1/260,1.500,2018-01-23,"
"
尖沙咀,R翔道8,B1/1-44,3.000,2018-01-23,"
"
f~涌,南S新村,LG1/157,1.238,2018-01-23,"
"
土瓜,都151,2/6,1.200,2018-01-23,"
"
^塘,_工I中心,B/L20,3.280,2018-01-23,"
"
沙田,沙田第一城y城商,2/327,1.250,2018-01-23,"
"
荃,荃威花@,L3/77,0.920,2018-01-23,"
"
北角半山,西湖大B,B/314,1.300,2018-01-23,"
"
北角半山,西湖大B,B/313,1.300,2018-01-23,"
"
④澳,新城,G/P31,1.680,2018-01-23,"
"
北角,富苫@,MG/59-59B,2.890,2018-01-23,"
"
大埔,新峰花@ 第02期,B1/90,0.670,2018-01-23,"
"
沙田,沙田第一城中心,2/242,1.200,2018-01-23,"
"
北角,和富中心,G/220,2.950,2018-01-23,"
"
北角,和富中心,G/6,2.820,2018-01-23,"
"
尖沙咀,康宏V,LB/LB041,3.000,2018-01-23,"
"
沙田,沙田第一城y城商,3/257,1.180,2018-01-23,"
"
f~涌,康怡花@ 停 B^,P3/76,1.600,2018-01-23,"
"
大角咀,P帆,2/21,1.830,2018-01-23,"
"
荃,爵庭,3/51,1.950,2018-01-23,"
"
t|,碧花@,CP2/P11,1.580,2018-01-23,"
"
荃,碧堤半u,L2/M2152,0.200,2018-01-23,"
"
西半山,殷寤@ 第02期,L5/15,1.800,2018-01-23,"
"
上水,S花@,L2/7,1.780,2018-01-23,"
"
荃,碧堤半u,L2/M2217,0.210,2018-01-23,"
"
元朗,柏豪@,B2/152,0.598,2018-01-23,"
"
中半山,酚^大B,LB/6-8,12.000,2018-01-23,"
"
粉X,S也{花@,G/36,0.628,2018-01-23,"
"
荃,碧堤半u,L2/M2218,0.210,2018-01-23,"
"
新蒲,采U花@,4/100,1.075,2018-01-23,"
"
④澳,峻],G/104,1.620,2018-01-23,"
"
f~涌,御皇台,1/22,1.720,2018-01-23,"
"
荃,海盛路11,3/P52,1.750,2018-01-23,"
"
荃,海盛路11,2/P26,1.870,2018-01-23,"
"
荃,h宇海,L1/R49,1.580,2018-01-23,"
"
④澳,盈花@,3/56,1.140,2018-01-23,"
"
土瓜,都151,2/5,1.190,2018-01-23,"
"
荔枝角,美孚新村 8期,-/1048,1.178,2018-01-23,"
"
中半山,酚^大B,LB/3-5,11.000,2018-01-23,"
"
荃,豪景花@ 第03期 停,4/81,0.638,2018-01-23,"
"
上水,奕翠@,P/817,0.590,2018-01-23,"
"
④澳,④澳V,B1/P48,2.230,2018-01-23,"
"
沙田,沙田第一城 第05期,1/13,1.040,2018-01-22,"
"
荃,碧堤半u,L6/R6037,0.825,2018-01-22,"
"
荃,碧堤半u,L3/R3267,0.848,2018-01-22,"
"
荃,柏傲,B1/46,2.500,2018-01-22,"
"
沙田,新都V,2/P251,1.330,2018-01-22,"
"
沙田,源渖角f,C2/43,0.700,2018-01-22,"
"
小西,富怡花@,2/229,1.100,2018-01-22,"
"
荃,h宇海,L1/R46,1.580,2018-01-22,"
"
沙田,富豪花@,B2/1212,0.740,2018-01-22,"
"
荃,翠S台,P2/C70,1.450,2018-01-22,"
"
屯T,翠林花@,L3/88,1.115,2018-01-22,"
"
九,企IV 第02期,2/P22,95.500,2018-01-22,"
"
荃,豪景花@ 第03期 停,1/87,0.600,2018-01-22,"
"
葵涌,宏_工I中心,1/P23,1.000,2018-01-22,"
"
葵涌,宏_工I中心,1/L1,1.000,2018-01-22,"
"
屯T,星堤,1/P121,1.440,2018-01-22,"
"
t|,t|持行,B/117,1.720,2018-01-22,"
"
荃,荃威花@,L1/42,1.000,2018-01-22,"
"
荃,恒@,3/22,1.170,2018-01-22,"
"
大埔,帝琴 P琴居,LC/38,0.900,2018-01-22,"
"
油麻地,君U峰,L6/275,1.800,2018-01-22,"
"
油塘,油塘中心 嘉l商,LG/28,1.650,2018-01-22,"
"
屯T,B茵庭,P3/55,0.795,2018-01-22,"
"
油麻地,君U峰,L6/44,1.800,2018-01-22,"
"
^塘,V生行中心,1/V16,2.800,2018-01-22,"
"
荃,|南工I大B,1/31,1.450,2018-01-22,"
"
牛池,怡l花@,B2/6,1.480,2018-01-22,"
"
大埔,帝琴 P琴居,LC/39,0.900,2018-01-22,"
"
沙田,y禧花@,1/252,1.950,2018-01-22,"
"
屯T,怡A工I大B,-/16,0.790,2018-01-22,"
"
大角咀,S港,M/M135,2.050,2018-01-22,"
"
^塘,fl工商大B,G/5,1.800,2018-01-22,"
"
荔枝角,美孚新村 8期,3/839,1.300,2018-01-22,"
"
尖沙咀,擎天半u,5/35,2.100,2018-01-22,"
"
荔枝角,美孚新村 8期,3/850,1.290,2018-01-22,"
"
九城,碧殿w,G/32,13.500,2018-01-22,"
"
筲箕,鄣,5/516,0.800,2018-01-22,"
"
④澳,唐t街33,B1/R42,2.300,2018-01-22,"
"
沙田,沙田第一城 第04期,G/186,1.050,2018-01-22,"
"
沙田,沙田第一城 第05期,"1/115,116",1.560,2018-01-22,"
"
粉X,蔚翠花@,B/130,0.790,2018-01-22,"
"
天水,嘉湖山f 第03期 翠湖居,B/145,1.290,2018-01-19,"
"
沙田,聚居,2/2337,0.455,2018-01-19,"
"
沙田,聚居,2/2261,0.465,2018-01-19,"
"
沙田,富豪花@,B1/948,0.800,2018-01-19,"
"
沙田,富豪花@,B1/933,0.780,2018-01-19,"
"
沙田,新都V,3/P307,0.980,2018-01-19,"
"
荃,h宇海,L2/R44,1.470,2018-01-19,"
"
沙田,新都V,3/P341,0.930,2018-01-19,"
"
荃,豪景花@ 第01期 停,2/330,0.728,2018-01-19,"
"
沙田,E景@,G/C002,1.500,2018-01-19,"
"
沙田,E景@,G/E161,1.300,2018-01-19,"
"
④澳,新城,G/P82,1.800,2018-01-19,"
"
R鞍山,迎海 第04期 E岸,B/R493,2.180,2018-01-19,"
"
尖沙咀,漾日居,B1/68,1.900,2018-01-19,"
"
R鞍山,天宇海,B/P314,1.580,2018-01-19,"
"
荃,荃威花@,L5/101,0.955,2018-01-19,"
"
荃,碧堤半u,"L6/6204,R6205",1.550,2018-01-19,"
"
筲箕,鄣,3/366,0.820,2018-01-19,"
"
荃,碧堤半u,L8/R8090,0.840,2018-01-19,"
"
薄扶林,置富花@,L1/32,1.180,2018-01-19,"
"
屯T,A都花@,L1/87,1.100,2018-01-19,"
"
大埔,美S花@,G/8,0.960,2018-01-19,"
"
④澳,新都城 第02期,B2/RC62,1.588,2018-01-19,"
"
^塘,皇廷V,1/P3,1.695,2018-01-19,"
"
葵涌,永恒工I大B,1/V19,1.197,2018-01-19,"
"
九,晶花@物中心,7/7124,1.210,2018-01-19,"
"
九,⒌1 第02期 停,B/48,2.820,2018-01-19,"
"
大埔,太和中心,1/C26,1.100,2018-01-19,"
"
粉X,S也{花@,B/36,0.810,2018-01-19,"
"
{田,d田村,A/A26,0.960,2018-01-19,"
"
屯T,ゾ盎@,G/146,0.820,2018-01-19,"
"
大角咀,君R港,G/136,2.880,2018-01-19,"
"
屯T,南S工I城 中央服沾,1/C31,0.950,2018-01-19,"
"
新蒲,采U花@,3/41,1.200,2018-01-19,"
"
新蒲,康景,5/72,1.350,2018-01-19,"
"
屯T,景峰花@,RF/R34,0.600,2018-01-19,"
"
油塘,油塘中心 嘉l商,LG/28,1.650,2018-01-19,"
"
{田,d田村,B/B31,0.980,2018-01-19,"
"
大埔,太和中心,1/C27,1.100,2018-01-19,"
"
天水,嘉湖山f 第02期 p湖居,LG/69,1.250,2018-01-19,"
"
沙田,沙田第一城 第04期,G/209,0.990,2018-01-19,"
"
沙田,名城 第03期 盛世,CP/R383,2.480,2018-01-19,"
"
沙田,沙田第一城y城商,2/253,0.850,2018-01-19,"
"
荃,h宇海,L3/R88,1.420,2018-01-19,"
"
香港仔,海怡半u 第04期,B2/178,1.600,2018-01-19,"
"
沙田,y禧花@,2/67,1.725,2018-01-19,"
"
沙田,y禧花@,1/250,1.880,2018-01-19,"
"
尖沙咀,漾日居,1/127,2.200,2018-01-19,"
"
荃,h宇海,L2/R115,1.470,2018-01-18,"
"
R鞍山,雅苑,B2/474,1.070,2018-01-18,"
"
上水,S花@,L2/7,1.780,2018-01-18,"
"
荃,豪景花@ 第03期 停,2/155,0.570,2018-01-18,"
"
荃,城花@ 第02期,1/167,1.305,2018-01-18,"
"
沙田,沙田第一城 第05期,G/24,0.750,2018-01-18,"
"
北角,和富中心,UG/1,2.600,2018-01-18,"
"
北角,丹拿花@,3/16,2.490,2018-01-18,"
"
沙田,沙田第一城 第05期,G/25,0.750,2018-01-18,"
"
大角咀,柏景 帝柏海,B/19,2.410,2018-01-18,"
"
沙田,沙田第一城 第05期,G/194,0.888,2018-01-18,"
"
|涌,{天海岸 第01期,B/279,1.800,2018-01-18,"
"
④澳,盈花@,5/46,0.980,2018-01-18,"
"
尖沙咀,漾日居,2/3,1.850,2018-01-18,"
"
L沙,宇晴,3/R35,1.735,2018-01-18,"
"
④澳,富康花@,6/605,1.000,2018-01-18,"
"
④澳,君傲,L2/R81,1.880,2018-01-18,"
"
④澳,君傲,L2/R81,1.880,2018-01-18,"
"
荃,碧堤半u,L6/R6091,0.888,2018-01-18,"
"
上水,奕翠@,P/808,0.455,2018-01-18,"
"
石尾,又一居 停 第21-25座,CP2/31,1.200,2018-01-18,"
"
石尾,又一居 停 第21-25座,CP2/44,1.200,2018-01-18,"
"
沙田,沙田中心,L1/37,0.920,2018-01-18,"
"
柴,反涮,D3/8,0.880,2018-01-18,"
"
阅岬爻,域多利道60,L1/P4,1.900,2018-01-18,"
"
沙田,沙田中心,L1/37,0.920,2018-01-18,"
"
沙田,y禧花@,1/255,1.650,2018-01-18,"
"
^塘,海I道181,2/P90,1.700,2018-01-18,"
"
大角咀,S港,G/G220,1.980,2018-01-18,"
"
S大仙,F崇山,3/P17,1.800,2018-01-18,"
"
屯T,兆麟苑 第01期,3/171,0.728,2018-01-18,"
"
小西,富怡花@,6/619,1.080,2018-01-18,"
"
小西,富怡花@,6/619,1.080,2018-01-18,"
"
小西,富怡花@,2/229,1.100,2018-01-18,"
"
沙田,帝堡城,L1/P34,1.020,2018-01-18,"
"
屯T,慧S@,G/A68,0.740,2018-01-18,"
"
荃,豪景花@ 第02期 停,2/38,0.620,2018-01-18,"
"
沙田,富豪花@,L1/355,0.670,2018-01-18,"
"
R鞍山,富x花@,G/65,1.000,2018-01-18,"
"
屯T,矍俸０,B2/318,1.028,2018-01-18,"
"
大角咀,S港,M/M59,2.030,2018-01-18,"
"
北角,百福花@,-/118,1.850,2018-01-18,"
"
北角,百福花@,-/154,1.570,2018-01-18,"
"
青衣,青衣工I中心 第02期,1/71,1.000,2018-01-18,"
"
^塘,海I道181,2/P89,1.700,2018-01-18,"
"
|涌,映@,B/196,1.550,2018-01-18,"
"
|涌,映@ 第06期,B2/B113,1.478,2018-01-18,"
"
青衣,翠怡花@,G/190,1.850,2018-01-18,"
"
新蒲,采U花@,6/99,1.000,2018-01-18,"
"
④澳,至善街3,B/R082,1.750,2018-01-18,"
"
沙田,新都V,"3/P328,P329",1.560,2018-01-18,"
"
沙田,新都V,3/P303,0.780,2018-01-18,"
"
^塘,巧\工I大B,G/P4,1.980,2018-01-18,"
"
沙田,新都V,3/P355,4.560,2018-01-18,"
"
f~涌,康怡花@ 停 B^,P2/158,1.608,2018-01-17,"
"
^塘,V生行中心,1/V16,2.800,2018-01-17,"
"
新蒲,康景,3/78,1.308,2018-01-17,"
"
荃,h宇海,L1/R4,1.510,2018-01-17,"
"
薄扶林,AF村,LG1/53,1.180,2018-01-17,"
"
屯T,盈S@,B/C98,1.350,2018-01-17,"
"
荃,恒@,LG2/32,0.680,2018-01-17,"
"
荃,h宇海,L1/R51,1.580,2018-01-17,"
"
屯T,兆麟苑 第01期,3/195,0.720,2018-01-17,"
"
f~涌,景 第01期,G/10,2.038,2018-01-17,"
"
荃,h宇海,L3/R65,1.460,2018-01-17,"
"
荃,翠S台,P1/B72,1.385,2018-01-17,"
"
荃,浪翠@,L2/6,1.210,2018-01-17,"
"
九城,柏德豪廷,1/7,2.000,2018-01-17,"
"
沙田,y禧花@,2/217,1.740,2018-01-17,"
"
屯T,兆麟苑 第02期,3/217,0.750,2018-01-17,"
"
沙田,y禧花@,1/243,1.940,2018-01-17,"
"
屯T,兆麟苑 第02期,3/194,0.750,2018-01-17,"
"
新蒲,康景,4/85,1.400,2018-01-17,"
"
荃,恒@,LG2/32,0.680,2018-01-17,"
"
何文田,w,G/29,0.620,2018-01-17,"
"
沙田,金{花@ 第01期,L2/24,1.000,2018-01-17,"
"
④澳,富康花@,1/171,1.500,2018-01-17,"
"
|涌,映@ 第06期,B2/B251,1.600,2018-01-17,"
"
大埔,大埔V,B/197,1.038,2018-01-17,"
"
西半山,福苫@,4/4,1.500,2018-01-17,"
"
何文田,文采w,-/20,0.940,2018-01-17,"
"
R鞍山,海柏花@,L1/85,1.610,2018-01-17,"
"
沙田,源渖角f,"C2/56,57",1.336,2018-01-17,"
"
L沙,登豪庭,G/G5,0.420,2018-01-17,"
"
R鞍山,新港城商 C.D座,1/13,1.550,2018-01-17,"
"
沙田,富豪花@,-/507,0.750,2018-01-17,"
"
沙田,B花@,-/131,1.270,2018-01-17,"
"
|涌,|h 第02期,B/1013A,1.290,2018-01-17,"
"
尖沙咀,擎天半u,5/56,2.188,2018-01-17,"
"
沙田,沙田第一城y城商,2/57,1.180,2018-01-17,"
"
|涌,海堤撑,B/D148,1.480,2018-01-17,"
"
何文田,常富街1,B1/70,3.500,2018-01-17,"
"
荃,f景峰,3/R16,2.780,2018-01-17,"
"
新蒲,康景,2/36,1.350,2018-01-17,"
"
粉X,S也{花@,G/74,0.810,2018-01-16,"
"
葵涌,永得利V,LG/P79,0.925,2018-01-16,"
"
葵涌,A基工I大B,UG/UP48,1.320,2018-01-16,"
"
④澳,S景撑,LG3/372,1.950,2018-01-16,"
"
R鞍山,迎海 第04期 E岸,1/R722,2.850,2018-01-16,"
"
荃,h宇海,L2/R42,1.470,2018-01-16,"
"
荃,翠w,L5/128,0.980,2018-01-16,"
"
|涌,映@ 第06期,B2/B159,1.500,2018-01-16,"
"
大埔,翠屏花@,B/P70,0.985,2018-01-16,"
"
沙田,I景花@,G/282,0.850,2018-01-16,"
"
大埔,盈峰翠邸,G/P172,0.380,2018-01-16,"
"
荃,豪景花@ 第03期 停,4/28,0.610,2018-01-16,"
"
S大仙,秀芳花@,6/5,0.950,2018-01-16,"
"
何文田,富威花@,3/14,1.550,2018-01-16,"
"
大埔,湖花@,B/80,1.250,2018-01-16,"
"
荃,豪景花@ 第01期 停,2/291,0.680,2018-01-16,"
"
f~涌,英w,4/32,1.328,2018-01-16,"
"
天水,嘉湖山f 第03期 翠湖居,B/134,1.230,2018-01-16,"
"
t|,S埔花@ 第01期,"B/92,R22",2.830,2018-01-16,"
"
筲箕,碧w,LG/16,1.380,2018-01-16,"
"
屯T,怡峰@,C1/C58,0.600,2018-01-16,"
"
屯T,兆麟苑 第02期,G/50,0.860,2018-01-16,"
"
大角咀,浪澄,L2/22,2.280,2018-01-16,"
"
沙田,沙田第一城中心,2/188,1.150,2018-01-16,"
"
新蒲,康景,5/4,0.980,2018-01-16,"
"
屯T,昌中心,1/19,0.800,2018-01-16,"
"
大角咀,浪澄,L2/21,2.250,2018-01-16,"
"
西半山,殷寤@ 第01期,L4/24,1.980,2018-01-16,"
"
西半山,殷寤@ 第02期,L5/15,1.800,2018-01-16,"
"
沙田,富豪花@,B2/1439,0.710,2018-01-16,"
"
柴,杏花村,G/P008,2.000,2018-01-16,"
"
屯T,翠林花@,L3/69,1.120,2018-01-16,"
"
荃,海I花@ 平台 B,G/15,1.800,2018-01-16,"
"
荃,h宇海,L1/R34,1.580,2018-01-16,"
"
荃,h宇海,L3/R86,1.460,2018-01-16,"
"
t|,海逸豪@ 玉庭,B1/65,2.480,2018-01-16,"
"
油塘,港城 第02期,L1/35,2.250,2018-01-16,"
"
L沙,宇晴,5/R260,1.850,2018-01-16,"
"
粉X,S也{花@,B/32,0.800,2018-01-16,"
"
天水,嘉湖山f 第07期 景湖居,B/212,1.248,2018-01-16,"
"
薄扶林,沙 第04期 南,L5/66,2.490,2018-01-16,"
"
荔枝角,美孚新村 7期,"3/651,651A",1.750,2018-01-16,"
"
筲箕,鄣,2/277,0.795,2018-01-16,"
"
荔枝角,曼克D山,2/2044,2.680,2018-01-16,"
"
④澳,日出康城 第02期 I都,L2/214,2.080,2018-01-15,"
"
葵涌,A景山f,2/R85,0.810,2018-01-15,"
"
葵涌,A景山f,B/R99,0.760,2018-01-15,"
"
葵涌,A景山f,B/R85,0.760,2018-01-15,"
"
荃,碧堤半u,L8/R8174,0.770,2018-01-15,"
"
荃,碧堤半u,L8/R8341,1.200,2018-01-15,"
"
荃,朗逸峰 第01期,6/P294,0.800,2018-01-15,"
"
荃,爵庭,1/35,1.800,2018-01-15,"
"
葵涌,A景山f,B/R86,0.780,2018-01-15,"
"
葵涌,A景山f,"2/R20,R21",1.600,2018-01-15,"
"
葵涌,A基工I大B,UG/UP23,1.250,2018-01-15,"
"
④澳,日出康城 第01期 首都,L2/2-59,1.990,2018-01-15,"
"
油塘,港城 第02期,L2/112,2.000,2018-01-15,"
"
f~涌,御皇台,2/15,1.700,2018-01-15,"
"
f~涌,御皇台,2/8,1.770,2018-01-15,"
"
f~涌,御皇台,1/15,1.810,2018-01-15,"
"
油塘,港城 第02期,L2/112,2.000,2018-01-15,"
"
④澳,都k,G/91,1.810,2018-01-15,"
"
沙田,碧霞花@,B/45,0.390,2018-01-15,"
"
屯T,兆麟苑 第02期,2/125,0.750,2018-01-15,"
"
屯T,康德花@,2/216,0.600,2018-01-15,"
"
t|,S埔花@ 第11期,B3/84,2.000,2018-01-15,"
"
④澳,④澳V,B1/P244,2.200,2018-01-15,"
"
大埔,翠屏花@,B/P35,1.000,2018-01-15,"
"
大埔,翠屏花@,B/P59,1.000,2018-01-15,"
"
④澳,至善街3,B/R071,1.880,2018-01-15,"
"
L沙,泓景台,2/127,1.740,2018-01-15,"
"
尖沙咀,漾日居,B1/49,1.700,2018-01-15,"
"
土瓜,嘉景花@,P/107,1.480,2018-01-15,"
"
新蒲,康景,4/90,1.360,2018-01-15,"
"
石尾,"又一村花@ A,B期",P2/434,1.550,2018-01-15,"
"
屯T,翠花@,-/139,0.743,2018-01-15,"
"
^塘,V生行中心,1/12,2.600,2018-01-15,"
"
^塘,S利中心,B/P2,2.880,2018-01-15,"
"
屯T,兆麟苑 第01期,2/122,0.770,2018-01-15,"
"
^塘,金@,3/22,0.760,2018-01-15,"
"
屯T,屯T柏V,B2/C192,0.900,2018-01-15,"
"
屯T,慧S@,G/A466,0.800,2018-01-15,"
"
九,企IV 第03期,3/14,219.765,2018-01-15,"
"
土瓜,金都豪苑,2/2,1.980,2018-01-15,"
"
荃,h宇海,L3/R33,1.460,2018-01-15,"
"
青衣,海欣花@,1/C140,1.630,2018-01-15,"
"
西半山,R豪w,3/1,1.750,2018-01-15,"
"
沙田,新都V,3/P305,0.780,2018-01-15,"
"
沙田,新都V,3/P304,0.780,2018-01-15,"
"
西半山,R豪w,3/1,1.750,2018-01-15,"
"
荃,浪翠@,L2/6,1.210,2018-01-15,"
"
石尾,又一居 停 B^,L2/346,1.250,2018-01-15,"
"
荃,海盛路11,1/P24,1.800,2018-01-15,"
"
沙田,愉景花@,L3/11,0.780,2018-01-15,"
"
上水,奕翠@,L1/486,0.680,2018-01-15,"
"
沙田,富豪花@,L1/462,1.045,2018-01-15,"
"
沙田,新都V,3/P340,0.780,2018-01-15,"
"
f~涌,御皇台,2/19,1.650,2018-01-12,"
"
f~涌,御皇台,2/22,1.680,2018-01-12,"
"
f~涌,御皇台,2/21,1.700,2018-01-12,"
"
f~涌,御皇台,2/3,1.790,2018-01-12,"
"
f~涌,御皇台,1/19,1.780,2018-01-12,"
"
f~涌,御皇台,2/11,1.710,2018-01-12,"
"
屯T,景峰花@,1/113,0.800,2018-01-12,"
"
④澳,日出康城 第02期 I都,L3/656,1.990,2018-01-12,"
"
④澳,新城,1/P232,1.730,2018-01-12,"
"
石尾,又一居 停 第21-25座,CP2/22,1.200,2018-01-12,"
"
旺角,仁安大B,U/114,1.680,2018-01-12,"
"
{田,d田村,B/M15,0.210,2018-01-12,"
"
^塘,林景w,3/9,0.570,2018-01-12,"
"
^塘,林景w,2/27,0.680,2018-01-12,"
"
^塘,芬@,G/1104,0.820,2018-01-12,"
"
上水,御皇庭,G/42,1.200,2018-01-12,"
"
何文田,文采w,-/1,0.940,2018-01-12,"
"
t|,S埔花@ 第04期,B/102,2.060,2018-01-12,"
"
④澳,富康花@,4/474,1.000,2018-01-12,"
"
f~涌,御皇台,2/13,1.690,2018-01-12,"
"
大埔,盈峰翠邸,G/P152,0.390,2018-01-12,"
"
荃,荃威花@,"L4/36,36A",1.000,2018-01-12,"
"
大埔,盈峰翠邸,G/P130,0.300,2018-01-12,"
"
沙田,帝堡城,L2/P207,1.000,2018-01-12,"
"
沙田,富豪花@,B2/1435,0.700,2018-01-12,"
"
荃,城花@ 第03期,B2/63,1.370,2018-01-12,"
"
荃,朗逸峰 第02期,3/P722,0.700,2018-01-12,"
"
荃,朗逸峰 第02期,3/P723,0.700,2018-01-12,"
"
荃,朗逸峰 第02期,2/P700,0.698,2018-01-12,"
"
R鞍山,迎海 第01期,B/R18,2.383,2018-01-12,"
"
沙田,H工I中心,1/C8,1.048,2018-01-12,"
"
大埔,盈峰翠邸,G/P132,0.405,2018-01-12,"
"
葵涌,都坊,1/28,0.785,2018-01-12,"
"
荃,N皇居,L3/48,1.000,2018-01-12,"
"
荃,海I花@ 平台 D,LG/35,1.460,2018-01-12,"
"
大埔,翠屏花@,B/P47,1.000,2018-01-12,"
"
④澳,蔚{撑,B1/91,1.810,2018-01-12,"
"
屯T,昌中心,1/10,0.898,2018-01-12,"
"
屯T,康景花@,1/1-22,15.400,2018-01-12,"
"
\水,A景@,LG2/104,0.300,2018-01-12,"
"
元朗,金碧花@,-/121,0.600,2018-01-12,"
"
元朗,金碧花@,-/62,0.620,2018-01-12,"
"
f~涌,景 第04期,LG/23,1.500,2018-01-12,"
"
元朗,金碧花@,-/119,0.610,2018-01-12,"
"
元朗,朗晴居,B/52,0.976,2018-01-12,"
"
元朗,朗晴居,G/76,0.860,2018-01-12,"
"
元朗,金碧花@,-/40,0.620,2018-01-12,"
"
f~涌,御皇台,2/12,1.690,2018-01-12,"
"
屯T,矍俸０,B1/196,1.188,2018-01-12,"
"
荃,荃威花@,L4/114,0.938,2018-01-12,"
"
S大仙,F崇山,4/P42,1.850,2018-01-12,"
"
荃,h宇海,L3/R32,1.390,2018-01-12,"
"
沙田,新都V,"3/P330,P331",1.560,2018-01-12,"
"
荃,h宇海,L3/R59,1.460,2018-01-12,"
"
荃,豪景花@ 第01期 停,G/129,0.695,2018-01-12,"
"
荃,豪景花@ 第03期 停,2/123,0.550,2018-01-12,"
"
大角咀,S港,G/G210,2.030,2018-01-12,"
"
荃,豪景花@ 第03期 停,2/124,0.550,2018-01-12,"
"
荃,都花@,G/175,1.290,2018-01-12,"
"
大埔,股,B/P219,1.780,2018-01-12,"
"
元朗,四季雅苑,-/P166,0.308,2018-01-12,"
"
薄扶林,沙 第04期 南,"L6/73,74",4.400,2018-01-12,"
"
元朗,金碧花@,-/198,0.600,2018-01-12,"
"
薄扶林,沙 第06期,L8/M58,0.200,2018-01-12,"
"
f~涌,御皇台,2/23,1.680,2018-01-11,"
"
f~涌,御皇台,2/18,1.650,2018-01-11,"
"
f~涌,御皇台,1/9,1.840,2018-01-11,"
"
f~涌,御皇台,1/6,1.890,2018-01-11,"
"
f~涌,御皇台,1/7,1.820,2018-01-11,"
"
f~涌,御皇台,2/9,1.730,2018-01-11,"
"
f~涌,御皇台,1/21,1.780,2018-01-11,"
"
f~涌,御皇台,1/11,1.820,2018-01-11,"
"
屯T,韶S花@,G/133,0.850,2018-01-11,"
"
④澳,慧安@,2/162,1.350,2018-01-11,"
"
t|,t|持行,B/6,1.858,2018-01-11,"
"
|涌,映@ 第06期,B2/B206,1.600,2018-01-11,"
"
S竹坑,深9,B4/77,2.800,2018-01-11,"
"
S竹坑,深9,B4/67,2.800,2018-01-11,"
"
④澳,日出康城 第02期 I都,L3/656,1.990,2018-01-11,"
"
④澳,南SV,P2/C198,1.700,2018-01-11,"
"
④澳,至善街3,B/R062,1.880,2018-01-11,"
"
R鞍山,迎海 第04期 E岸,1/R724,2.850,2018-01-11,"
"
④澳,④澳V,B1/P244,2.200,2018-01-11,"
"
f~涌,御皇台,1/12,1.810,2018-01-11,"
"
沙田,富豪花@,B/1064,0.760,2018-01-11,"
"
沙田,沙田第一城y城商,3/257,1.180,2018-01-11,"
"
沙田,翠湖花@,G/62,0.720,2018-01-11,"
"
沙田,y禧花@,2/46,1.735,2018-01-11,"
"
沙田,新都V,3/P343,0.780,2018-01-11,"
"
上水,@峰,-/18,0.800,2018-01-11,"
"
石尾,又一居 停 B^,L2/59,1.220,2018-01-11,"
"
尖沙咀,漾日居,B3/51,1.420,2018-01-11,"
"
土瓜,嘉景花@,P/119,1.550,2018-01-11,"
"
粉X,瑞柏@,-/21,0.600,2018-01-11,"
"
大角咀,P帆,2/77,1.770,2018-01-11,"
"
粉X,S也{花@,G/43,0.638,2018-01-11,"
"
葵涌,厚S工I大B,G/6,0.955,2018-01-11,"
"
R鞍山,迎海 第01期,B/R281,2.133,2018-01-11,"
"
R鞍山,迎海 第01期,B/R282,2.358,2018-01-11,"
"
R鞍山,迎海 第04期 E岸,1/R723,2.900,2018-01-11,"
"
t|,S埔花@ 第05期,B2/111,2.280,2018-01-11,"
"
t|,S埔花@ 第05期,B3/396,2.000,2018-01-11,"
"
t|,海逸豪@ 玉庭,B3/30,2.900,2018-01-11,"
"
屯T,德雅工I中心,2/L21,1.360,2018-01-11,"
"
荃,荃威花@,5/24,0.935,2018-01-11,"
"
f~涌,御皇台,2/24,1.700,2018-01-11,"
"
元朗,溱林,B/45,0.900,2018-01-11,"
"
元朗,n,B/8305,1.980,2018-01-11,"
"
薄扶林,置富花@,L3/5,1.170,2018-01-11,"
"
荃,h宇海,L2/R116,1.470,2018-01-11,"
"
西半山,蔚nw,G/41,1.280,2018-01-11,"
"
屯T,怡峰@,C2/C3,0.700,2018-01-11,"
"
香港仔,海怡半u 第04期,B1/64,1.670,2018-01-11,"
"
荃,h宇海,L3/R110,1.290,2018-01-11,"
"
西半山,福Rw,L2/708,0.480,2018-01-11,"
"
大埔,股,B/P138,2.000,2018-01-11,"
"
荃,碧堤半u,L2/R2079,0.880,2018-01-11,"
"
屯T,茵翠豪庭,-/97,0.850,2018-01-11,"
"
尖沙咀,擎天半u,3/48,2.300,2018-01-11,"
"
上水,@峰,-/18,0.800,2018-01-11,"
"
{田,d田村,A/A38,0.930,2018-01-11,"
"
{田,d田村,A/A35,0.930,2018-01-11,"
"
尖沙咀,擎天半u,5/35,2.100,2018-01-11,"
"
沙田,翠景花@,1/30,0.930,2018-01-10,"
"
荃,碧堤半u,L2/M2217,0.210,2018-01-10,"
"
荃,碧堤半u,L2/M2152,0.200,2018-01-10,"
"
小西,富怡花@,2/202,1.200,2018-01-10,"
"
沙田,富豪花@,B2/1161,0.690,2018-01-10,"
"
屯T,美坊@,B3/70,0.755,2018-01-10,"
"
荃,荃威花@,L3/124,0.940,2018-01-10,"
"
f~涌,御皇台,2/20,1.650,2018-01-10,"
"
沙田,富豪花@,B2/1240,0.870,2018-01-10,"
"
荃,荃威花@,L1/4,0.920,2018-01-10,"
"
荃,豪景花@ 第01期 停,G/6,0.660,2018-01-10,"
"
屯T,星堤,LG/P326,1.500,2018-01-10,"
"
石尾,又一居 停 第21-25座,CP2/22,1.200,2018-01-10,"
"
f~涌,御皇台,1/8,1.820,2018-01-10,"
"
f~涌,御皇台,1/20,1.770,2018-01-10,"
"
荃,荃威花@,L4/93,0.930,2018-01-10,"
"
九塘,R可尼大B,G/16,0.820,2018-01-10,"
"
牛池,花@,L1/61,1.680,2018-01-10,"
"
^塘,溢中心,B/1,2.380,2018-01-10,"
"
t|,S埔花@ 第12期,B2/20,2.300,2018-01-10,"
"
天水,嘉湖山f 第06期 美湖居,B/303,1.238,2018-01-10,"
"
柴,杏花村,1/P134,1.980,2018-01-10,"
"
北角,和富中心,B/11,2.800,2018-01-10,"
"
上水,奕翠@,P/360,0.440,2018-01-10,"
"
f~涌,景 第04期,LG/64,1.880,2018-01-10,"
"
荃,荃威花@,L3/116,0.943,2018-01-10,"
"
小西,富景花@,-/72,1.300,2018-01-10,"
"
^塘,^塘工I中心,G/9,2.700,2018-01-10,"
"
荃,碧堤半u,L2/M2218,0.210,2018-01-10,"
"
荃,碧堤半u,"L6/6204,R6205",1.550,2018-01-10,"
"
④澳,日出康城 第01期 首都,L3/3-73,1.980,2018-01-10,"
"
何文田,文采w,-/5,1.050,2018-01-10,"
"
|涌,NC,G/B080,0.900,2018-01-10,"
"
L沙,泓景台,3/261,1.780,2018-01-10,"
"
何文田,文采w,-/37,1.090,2018-01-10,"
"
沙田,E景@,G/H052,1.360,2018-01-10,"
"
何文田,文采w,-/45,1.090,2018-01-10,"
"
屯T,矍俸０,B2/45,1.050,2018-01-10,"
"
沙田,碧花@ 第03期,LG/70,0.700,2018-01-10,"
"
沙田,翠景花@,1/30,0.930,2018-01-10,"
"
f~涌,峰@,G/10,1.560,2018-01-10,"
"
屯T,兆麟苑 第01期,3/160,0.710,2018-01-10,"
"
天水,嘉湖山f 第06期 美湖居,B/303,1.238,2018-01-10,"
"
天水,嘉湖山f 第07期 景湖居,B/398,1.198,2018-01-10,"
"
大角咀,大同新村,B/42,1.545,2018-01-10,"
"
屯T,海景花@,LG1/298,0.685,2018-01-10,"
"
屯T,大d花@ 第01期,L1/36,1.130,2018-01-10,"
"
沙田,富豪花@,L1/428,0.595,2018-01-10,"
"
薄扶林,置富花@,L1/84,0.600,2018-01-10,"
"
柴,杏花村,P/A20,2.000,2018-01-10,"
"
土瓜,傲峰,1/R116,1.880,2018-01-10,"
"
土瓜,傲峰,1/R147,1.970,2018-01-10,"
"
阅岬爻,翠@,P7/7154,2.660,2018-01-10,"
"
青衣,海欣花@,1/C102,1.600,2018-01-10,"
"
大埔,翠屏花@,B/P42,1.020,2018-01-10,"
"
上水,奕翠@,"P/776,778",0.860,2018-01-10,"
"
荃,h宇海,L1/R5,1.510,2018-01-09,"
"
荃,h宇海,L1/R32,1.580,2018-01-09,"
"
荔枝角,美孚新村 8期,3/878,1.250,2018-01-09,"
"
^塘,Px大B,2/220,0.900,2018-01-09,"
"
荃,R,L2/P1-P4,1.800,2018-01-09,"
"
荃,海I花@ 平台 A,L1/88,1.480,2018-01-09,"
"
荃,翠S台,P2/C45,1.350,2018-01-09,"
"
L沙,登A庭,B1/77-79,2.000,2018-01-09,"
"
石尾,"又一村花@ A,B期",B/102,1.780,2018-01-09,"
"
石尾,"又一村花@ A,B期",B/114,1.780,2018-01-09,"
"
大角咀,t,B3/B3173,2.900,2018-01-09,"
"
大埔,鹿茵山f 鹿茵,-/40,1.000,2018-01-09,"
"
粉X,花都V,1/160,1.648,2018-01-09,"
"
油塘,港城 第04期,B/547A,1.870,2018-01-09,"
"
油麻地,爵士花@,B3/50,1.380,2018-01-09,"
"
油麻地,京士柏山,LG1/P27,2.000,2018-01-09,"
"
大埔,翠屏花@,B/P64,1.000,2018-01-09,"
"
大埔,翠屏花@,B/P64,1.000,2018-01-09,"
"
荃,尘盎@,LG2/188,1.720,2018-01-09,"
"
筲箕,|熹苑,L/L31,1.230,2018-01-09,"
"
屯T,恒@,L3/137,0.730,2018-01-09,"
"
R鞍山,新港城商 A.B座,1/49,1.800,2018-01-09,"
"
屯T,P德花@,G/51,0.620,2018-01-09,"
"
屯T,兆麟苑 第02期,2/169,0.760,2018-01-09,"
"
屯T,屯T中央V,10/T154,0.800,2018-01-09,"
"
葵涌,A景山f,2/L2,0.500,2018-01-09,"
"
④澳,④澳V,B1/P31,2.295,2018-01-09,"
"
④澳,④澳V,B1/P132,2.270,2018-01-09,"
"
④澳,至善街3,B/R061,1.880,2018-01-09,"
"
沙田,沙田第一城 第04期,G/105,0.780,2018-01-09,"
"
沙田,碧霞花@,B/113,0.420,2018-01-09,"
"
④澳,日出康城 第02期 I都,L1/118,2.150,2018-01-09,"
"
沙田,沙田第一城y城商,2/47,1.320,2018-01-09,"
"
④澳,日出康城 第02期 I都,L2/257,1.965,2018-01-09,"
"
沙田,海福花@ 商,L1/2,0.900,2018-01-09,"
"
沙田,富豪花@,L1/380,0.980,2018-01-09,"
"
沙田,富豪花@,L1/486,0.610,2018-01-09,"
"
葵涌,A景山f,2/L1,0.500,2018-01-09,"
"
屯T,屯T中央V,9/T17,0.840,2018-01-09,"
"
屯T,屯T中央V,10/T146,0.750,2018-01-09,"
"
北角半山,富豪w,G/88,0.700,2018-01-09,"
"
元朗,蝶翠峰 第01期,1/152,1.370,2018-01-09,"
"
北角半山,富豪w,G/29,1.380,2018-01-09,"
"
薄扶林,置富花@,L2/152,1.190,2018-01-09,"
"
薄扶林,置富花@,L3/136,1.190,2018-01-09,"
"
f~涌,御皇台,1/17,1.740,2018-01-09,"
"
薄扶林,沙,L3/216,2.670,2018-01-09,"
"
f~涌,御皇台,1/18,1.780,2018-01-09,"
"
柴,康民工I中心,LG1/13,1.680,2018-01-09,"
"
柴,康民工I中心,LG1/13,1.680,2018-01-09,"
"
香港仔,深耻,3/C67,2.250,2018-01-09,"
"
香港仔,香港仔中心 第02期 (P-R座),B/30,1.800,2018-01-09,"
"
薄扶林,置富花@,L3/127,1.190,2018-01-09,"
"
\水,明山f,L4/303,3.330,2018-01-09,"
"
沙田,翠景花@,3/39,0.890,2018-01-09,"
"
屯T,S景@,G/A63,0.990,2018-01-09,"
"
上水,欣花@,-/63,1.250,2018-01-09,"
"
九塘,星x豪庭,B1/51,1.450,2018-01-08,"
"
荃,h宇海,L2/R109,1.470,2018-01-08,"
"
荃,h宇海,L2/R114,1.510,2018-01-08,"
"
④澳,至善街3,B/R031,1.880,2018-01-08,"
"
大角咀,S港,G/G206,2.100,2018-01-08,"
"
荃,荃\工I中心 第02期,G/54,1.380,2018-01-08,"
"
\水,怡峰,"G/55,56",5.000,2018-01-08,"
"
R鞍山,新港城商 C.D座,1/64,1.580,2018-01-08,"
"
筲箕,鄣,5/502,0.780,2018-01-08,"
"
筲箕,|海景豪苑,B/17,1.628,2018-01-08,"
"
R鞍山,富花@,3/3137,1.350,2018-01-08,"
"
沙田,翠景花@,3/33,0.870,2018-01-08,"
"
小西,富景花@,G/382,1.380,2018-01-08,"
"
石尾,又一居 停 B^,L2/317,1.170,2018-01-08,"
"
④澳,峻],G/150,1.510,2018-01-08,"
"
沙田,碧霞花@,B/114,0.420,2018-01-08,"
"
土瓜,金都豪苑,2/2,1.980,2018-01-08,"
"
荃,城花@ 第03期,B1/326,1.480,2018-01-08,"
"
葵涌,A景山f,2/L46,0.670,2018-01-08,"
"
屯T,美坊@,B2/18,0.770,2018-01-08,"
"
荃,柏傲,B1/41,2.500,2018-01-08,"
"
荃,柏傲,B1/34,2.700,2018-01-08,"
"
荃,柏傲,B1/27,2.700,2018-01-08,"
"
荃,柏傲,B1/16,2.800,2018-01-08,"
"
荃,柏傲,B2/23,2.700,2018-01-08,"
"
R鞍山,翠砣A庭,B2/50,1.628,2018-01-08,"
"
屯T,兆麟苑 第02期,3/213,0.725,2018-01-08,"
"
薄扶林,沙 第06期,L8/M30,0.260,2018-01-08,"
"
沙田,富豪花@,B2/1240,0.750,2018-01-08,"
"
大潭,浪琴@,L4/70,1.200,2018-01-08,"
"
沙田,翠景花@,2/86,0.900,2018-01-08,"
"
L沙,宇晴,5/R206,1.750,2018-01-08,"
"
t|,碧花@,CP2/P11,1.580,2018-01-08,"
"
牛池,新花@,LG/46,0.860,2018-01-08,"
"
t|,半u豪庭,B2/124,2.580,2018-01-08,"
"
土瓜,傲峰,2/R194,1.930,2018-01-08,"
"
荃,N皇居,G/72,0.780,2018-01-08,"
"
土瓜,傲峰,2/R74,1.960,2018-01-08,"
"
粉X,壳玳g,1/254,1.518,2018-01-08,"
"
油塘,程煜,2/R253,1.980,2018-01-08,"
"
沙田,富豪花@,B2/1233,0.750,2018-01-08,"
"
屯T,A都花@,L1/85,1.260,2018-01-08,"
"
沙田,沙田第一城 第04期,G/231,0.730,2018-01-08,"
"
大埔,湖花@,B/72,1.370,2018-01-08,"
"
沙田,蔚林居,LG/22,1.000,2018-01-08,"
"
沙田,蔚林居,LG/23,1.000,2018-01-08,"
"
新蒲,康景,5/54,1.080,2018-01-08,"
"
屯T,帝,B2/90,1.150,2018-01-08,"
"
f~涌,御皇台,2/10,1.700,2018-01-08,"
"
f~涌,御皇台,1/16,1.780,2018-01-08,"
"
薄扶林,AF村,LG2/145,1.190,2018-01-08,"
"
沙田,新都V,3/P306,0.780,2018-01-08,"
"
青衣,青怡花@,B/72,1.330,2018-01-08,"
"
荃,柏傲,B1/58,2.500,2018-01-08,"
"
荃,柏傲,B1/56,2.700,2018-01-08,"
"
荃,信x工I大B,G/P1,1.130,2018-01-05,"
"
荃,立坊,2/R213,1.530,2018-01-05,"
"
尖沙咀,P旋T,B1/53,3.980,2018-01-05,"
"
大角咀,柏景 帝柏海,B/39,2.920,2018-01-05,"
"
荃,海I花@ 平台 D,P2/24,1.470,2018-01-05,"
"
葵涌,金l工I大B 第02期,G/61,1.200,2018-01-05,"
"
葵涌,金威工I大B 第02期,SLG/14,0.700,2018-01-05,"
"
荃,h宇海,L1/R33,1.540,2018-01-05,"
"
荃,城花@ 第03期,B2/243,1.350,2018-01-05,"
"
沙田,富豪花@,B2/1409,0.600,2018-01-05,"
"
沙田,富豪花@,B2/1307,0.700,2018-01-05,"
"
沙田,富豪花@,B2/1426,0.690,2018-01-05,"
"
上水,奕翠@,P/293,0.420,2018-01-05,"
"
R鞍山,雅苑,B1/175,1.000,2018-01-05,"
"
R鞍山,雅苑,B1/177,0.000,2018-01-05,"
"
R鞍山,富花@,3/3154,1.200,2018-01-05,"
"
荃,h宇海,L2/R36,1.470,2018-01-05,"
"
荃,h宇海,L2/R50,1.470,2018-01-05,"
"
R鞍山,海柏花@,L1/85,1.610,2018-01-05,"
"
荃,浪翠@ 第02期,L4/10,0.780,2018-01-05,"
"
沙田,恒峰花@,L2/58,0.900,2018-01-05,"
"
④澳,日出康城 第01期 首都,L2/2-143,1.930,2018-01-05,"
"
④澳,至善街3,B/R043,1.750,2018-01-05,"
"
④澳,至善街3,B/R006,1.750,2018-01-05,"
"
屯T,置坊@,-/28,0.600,2018-01-05,"
"
屯T,ゾ盎@,G/149,0.800,2018-01-05,"
"
屯T,ゾ盎@,1/137,0.970,2018-01-05,"
"
屯T,P德花@,-/214,0.650,2018-01-05,"
"
沙田,碧花@ 第02期,LG/137,0.740,2018-01-05,"
"
